commit,energy-pkg,energy-ram,seconds,temp_before,temp_after
2b9cfcc54dff7b79afd89be3ecf1a107b8290278,1374.70,54.36,5.542629073,54000,56000
2b9cfcc54dff7b79afd89be3ecf1a107b8290278,1384.39,54.64,5.550140931,55000,55000
2b9cfcc54dff7b79afd89be3ecf1a107b8290278,1395.11,54.93,5.580372113,55000,55000
2b9cfcc54dff7b79afd89be3ecf1a107b8290278,1406.85,55.28,5.626906844,55000,55000
2b9cfcc54dff7b79afd89be3ecf1a107b8290278,1375.70,54.21,5.505355253,54000,54000
2b9cfcc54dff7b79afd89be3ecf1a107b8290278,1395.93,54.85,5.585305186,55000,55000
2b9cfcc54dff7b79afd89be3ecf1a107b8290278,1392.00,54.74,5.568082576,55000,54000
2b9cfcc54dff7b79afd89be3ecf1a107b8290278,1390.91,54.57,5.561700008,55000,54000
2b9cfcc54dff7b79afd89be3ecf1a107b8290278,1389.14,54.41,5.554237130,55000,54000
2b9cfcc54dff7b79afd89be3ecf1a107b8290278,1413.84,55.73,5.672311608,54000,55000
2b9cfcc54dff7b79afd89be3ecf1a107b8290278,1386.43,54.65,5.550162275,55000,55000
2b9cfcc54dff7b79afd89be3ecf1a107b8290278,1406.34,55.42,5.628008636,55000,55000
2b9cfcc54dff7b79afd89be3ecf1a107b8290278,1401.40,54.99,5.608123458,55000,54000
2b9cfcc54dff7b79afd89be3ecf1a107b8290278,1376.35,54.28,5.503400519,55000,55000
2b9cfcc54dff7b79afd89be3ecf1a107b8290278,1394.35,54.94,5.597817901,54000,55000
2b9cfcc54dff7b79afd89be3ecf1a107b8290278,1396.11,54.88,5.583186171,56000,54000
2b9cfcc54dff7b79afd89be3ecf1a107b8290278,1382.59,54.59,5.528479941,54000,55000
2b9cfcc54dff7b79afd89be3ecf1a107b8290278,1388.53,54.74,5.557441582,54000,54000
2b9cfcc54dff7b79afd89be3ecf1a107b8290278,1405.77,54.96,5.627909458,55000,55000
2b9cfcc54dff7b79afd89be3ecf1a107b8290278,1386.08,54.39,5.552397089,55000,54000
2b9cfcc54dff7b79afd89be3ecf1a107b8290278,1404.32,55.11,5.626267210,54000,55000
2b9cfcc54dff7b79afd89be3ecf1a107b8290278,1374.10,54.13,5.500034194,54000,55000
2b9cfcc54dff7b79afd89be3ecf1a107b8290278,1408.66,55.58,5.644102181,55000,55000
2b9cfcc54dff7b79afd89be3ecf1a107b8290278,1395.74,54.92,5.580731145,55000,55000
2b9cfcc54dff7b79afd89be3ecf1a107b8290278,1394.65,54.88,5.575679208,56000,55000
2b9cfcc54dff7b79afd89be3ecf1a107b8290278,1395.94,54.84,5.592456230,55000,55000
2b9cfcc54dff7b79afd89be3ecf1a107b8290278,1408.28,55.29,5.632665554,54000,54000
2b9cfcc54dff7b79afd89be3ecf1a107b8290278,1393.55,54.70,5.578310326,55000,54000
2b9cfcc54dff7b79afd89be3ecf1a107b8290278,1368.10,53.74,5.471764132,55000,56000
2b9cfcc54dff7b79afd89be3ecf1a107b8290278,1384.92,54.40,5.547947916,55000,55000
1150c0b02c435d2bd05e70933f5f12c82e212d8b,1399.56,55.26,5.642365112,56000,55000
1150c0b02c435d2bd05e70933f5f12c82e212d8b,1402.97,55.36,5.642995046,55000,55000
1150c0b02c435d2bd05e70933f5f12c82e212d8b,1375.82,54.16,5.528276507,54000,55000
1150c0b02c435d2bd05e70933f5f12c82e212d8b,1400.33,55.14,5.601853387,56000,54000
1150c0b02c435d2bd05e70933f5f12c82e212d8b,1409.03,55.47,5.631938977,55000,56000
1150c0b02c435d2bd05e70933f5f12c82e212d8b,1410.72,55.55,5.648159798,55000,55000
1150c0b02c435d2bd05e70933f5f12c82e212d8b,1411.63,55.45,5.647926067,54000,56000
1150c0b02c435d2bd05e70933f5f12c82e212d8b,1416.81,55.85,5.682511932,55000,55000
1150c0b02c435d2bd05e70933f5f12c82e212d8b,1395.41,54.64,5.580549200,55000,55000
1150c0b02c435d2bd05e70933f5f12c82e212d8b,1400.89,54.96,5.606323605,55000,55000
1150c0b02c435d2bd05e70933f5f12c82e212d8b,1399.63,55.14,5.598985462,55000,55000
1150c0b02c435d2bd05e70933f5f12c82e212d8b,1391.26,54.60,5.578578928,56000,56000
1150c0b02c435d2bd05e70933f5f12c82e212d8b,1442.37,56.61,5.770240856,55000,55000
1150c0b02c435d2bd05e70933f5f12c82e212d8b,1420.28,55.91,5.693280684,55000,56000
1150c0b02c435d2bd05e70933f5f12c82e212d8b,1408.32,55.47,5.636623268,55000,55000
1150c0b02c435d2bd05e70933f5f12c82e212d8b,1415.72,55.62,5.665593471,55000,54000
1150c0b02c435d2bd05e70933f5f12c82e212d8b,1404.68,55.41,5.623810985,55000,55000
1150c0b02c435d2bd05e70933f5f12c82e212d8b,1436.38,56.60,5.749112116,56000,55000
1150c0b02c435d2bd05e70933f5f12c82e212d8b,1405.36,55.21,5.624729387,55000,56000
1150c0b02c435d2bd05e70933f5f12c82e212d8b,1389.35,54.57,5.559980110,54000,55000
1150c0b02c435d2bd05e70933f5f12c82e212d8b,1424.81,55.87,5.708231301,55000,54000
1150c0b02c435d2bd05e70933f5f12c82e212d8b,1394.75,54.72,5.580557686,54000,55000
1150c0b02c435d2bd05e70933f5f12c82e212d8b,1404.24,54.93,5.633501463,55000,55000
1150c0b02c435d2bd05e70933f5f12c82e212d8b,1405.16,55.13,5.631012207,55000,54000
1150c0b02c435d2bd05e70933f5f12c82e212d8b,1415.47,55.54,5.671033194,55000,56000
1150c0b02c435d2bd05e70933f5f12c82e212d8b,1419.61,55.68,5.685967604,54000,54000
1150c0b02c435d2bd05e70933f5f12c82e212d8b,1402.13,55.21,5.613628835,54000,54000
1150c0b02c435d2bd05e70933f5f12c82e212d8b,1414.69,55.34,5.663442254,55000,55000
1150c0b02c435d2bd05e70933f5f12c82e212d8b,1411.44,55.62,5.651865795,55000,55000
1150c0b02c435d2bd05e70933f5f12c82e212d8b,1438.11,56.45,5.755660691,56000,55000
5ebd5b32a6a8cbcebd5303dfd7f4f7b0b173bc53,1406.68,55.73,5.673461566,55000,55000
5ebd5b32a6a8cbcebd5303dfd7f4f7b0b173bc53,1406.91,55.59,5.649731694,55000,55000
5ebd5b32a6a8cbcebd5303dfd7f4f7b0b173bc53,1415.98,55.83,5.678806773,55000,55000
5ebd5b32a6a8cbcebd5303dfd7f4f7b0b173bc53,1420.62,55.95,5.677805285,55000,55000
5ebd5b32a6a8cbcebd5303dfd7f4f7b0b173bc53,1398.97,55.25,5.596874776,55000,54000
5ebd5b32a6a8cbcebd5303dfd7f4f7b0b173bc53,1414.84,55.61,5.663897114,55000,54000
5ebd5b32a6a8cbcebd5303dfd7f4f7b0b173bc53,1424.67,56.07,5.704387797,55000,56000
5ebd5b32a6a8cbcebd5303dfd7f4f7b0b173bc53,1408.49,55.74,5.627599283,55000,55000
5ebd5b32a6a8cbcebd5303dfd7f4f7b0b173bc53,1403.32,55.30,5.601800988,55000,56000
5ebd5b32a6a8cbcebd5303dfd7f4f7b0b173bc53,1420.20,55.76,5.679705271,55000,55000
5ebd5b32a6a8cbcebd5303dfd7f4f7b0b173bc53,1424.21,56.12,5.694498564,54000,55000
5ebd5b32a6a8cbcebd5303dfd7f4f7b0b173bc53,1410.34,55.64,5.642313036,55000,56000
5ebd5b32a6a8cbcebd5303dfd7f4f7b0b173bc53,1416.42,55.81,5.677724656,55000,54000
5ebd5b32a6a8cbcebd5303dfd7f4f7b0b173bc53,1397.84,55.07,5.599001725,55000,55000
5ebd5b32a6a8cbcebd5303dfd7f4f7b0b173bc53,1412.96,55.72,5.652959377,56000,55000
5ebd5b32a6a8cbcebd5303dfd7f4f7b0b173bc53,1412.68,55.68,5.655848641,55000,54000
5ebd5b32a6a8cbcebd5303dfd7f4f7b0b173bc53,1422.14,56.21,5.688243105,54000,54000
5ebd5b32a6a8cbcebd5303dfd7f4f7b0b173bc53,1397.96,55.18,5.596304880,54000,55000
5ebd5b32a6a8cbcebd5303dfd7f4f7b0b173bc53,1401.96,55.26,5.609464491,55000,55000
5ebd5b32a6a8cbcebd5303dfd7f4f7b0b173bc53,1427.00,55.83,5.708060949,54000,54000
5ebd5b32a6a8cbcebd5303dfd7f4f7b0b173bc53,1416.20,55.63,5.660280582,54000,55000
5ebd5b32a6a8cbcebd5303dfd7f4f7b0b173bc53,1402.39,55.25,5.612551579,54000,55000
5ebd5b32a6a8cbcebd5303dfd7f4f7b0b173bc53,1417.36,55.82,5.672120683,54000,55000
5ebd5b32a6a8cbcebd5303dfd7f4f7b0b173bc53,1409.92,55.50,5.634342322,54000,55000
5ebd5b32a6a8cbcebd5303dfd7f4f7b0b173bc53,1418.57,55.61,5.674162792,55000,56000
5ebd5b32a6a8cbcebd5303dfd7f4f7b0b173bc53,1402.00,55.28,5.607014858,55000,55000
5ebd5b32a6a8cbcebd5303dfd7f4f7b0b173bc53,1406.12,55.17,5.622324745,54000,54000
5ebd5b32a6a8cbcebd5303dfd7f4f7b0b173bc53,1405.84,55.12,5.626686708,54000,55000
5ebd5b32a6a8cbcebd5303dfd7f4f7b0b173bc53,1418.74,55.92,5.676170702,55000,56000
5ebd5b32a6a8cbcebd5303dfd7f4f7b0b173bc53,1409.36,55.64,5.628462419,55000,55000
5a248637415c5e219ba0142ea7f1b066a9ebd25f,1417.57,55.45,5.692255302,54000,55000
5a248637415c5e219ba0142ea7f1b066a9ebd25f,1410.48,55.20,5.660709152,54000,55000
5a248637415c5e219ba0142ea7f1b066a9ebd25f,1402.52,55.11,5.628881147,55000,55000
5a248637415c5e219ba0142ea7f1b066a9ebd25f,1407.62,54.97,5.656681187,54000,54000
5a248637415c5e219ba0142ea7f1b066a9ebd25f,1408.13,55.23,5.648778589,55000,54000
5a248637415c5e219ba0142ea7f1b066a9ebd25f,1413.45,55.48,5.679288975,55000,54000
5a248637415c5e219ba0142ea7f1b066a9ebd25f,1425.99,56.17,5.728301451,54000,56000
5a248637415c5e219ba0142ea7f1b066a9ebd25f,1408.56,55.14,5.658629283,54000,55000
5a248637415c5e219ba0142ea7f1b066a9ebd25f,1403.43,54.99,5.640900509,55000,55000
5a248637415c5e219ba0142ea7f1b066a9ebd25f,1415.86,55.66,5.682571495,54000,54000
5a248637415c5e219ba0142ea7f1b066a9ebd25f,1394.69,54.52,5.590848665,54000,54000
5a248637415c5e219ba0142ea7f1b066a9ebd25f,1403.83,55.00,5.623594779,55000,54000
5a248637415c5e219ba0142ea7f1b066a9ebd25f,1406.90,55.16,5.634657479,54000,55000
5a248637415c5e219ba0142ea7f1b066a9ebd25f,1412.39,55.38,5.656968960,54000,54000
5a248637415c5e219ba0142ea7f1b066a9ebd25f,1417.73,55.45,5.685829936,55000,54000
5a248637415c5e219ba0142ea7f1b066a9ebd25f,1405.81,55.27,5.632096166,54000,54000
5a248637415c5e219ba0142ea7f1b066a9ebd25f,1406.10,55.16,5.640202277,54000,55000
5a248637415c5e219ba0142ea7f1b066a9ebd25f,1413.29,55.22,5.667970277,54000,54000
5a248637415c5e219ba0142ea7f1b066a9ebd25f,1396.57,54.92,5.607832896,54000,55000
5a248637415c5e219ba0142ea7f1b066a9ebd25f,1400.61,54.89,5.617224976,54000,54000
5a248637415c5e219ba0142ea7f1b066a9ebd25f,1400.31,55.30,5.614509946,54000,54000
5a248637415c5e219ba0142ea7f1b066a9ebd25f,1417.09,55.79,5.672511695,54000,54000
5a248637415c5e219ba0142ea7f1b066a9ebd25f,1406.68,55.14,5.640792711,54000,54000
5a248637415c5e219ba0142ea7f1b066a9ebd25f,1427.29,56.39,5.725925464,54000,54000
5a248637415c5e219ba0142ea7f1b066a9ebd25f,1399.42,54.93,5.604038172,55000,55000
5a248637415c5e219ba0142ea7f1b066a9ebd25f,1408.30,55.52,5.641392165,55000,55000
5a248637415c5e219ba0142ea7f1b066a9ebd25f,1412.44,55.54,5.670364458,54000,54000
5a248637415c5e219ba0142ea7f1b066a9ebd25f,1401.29,54.99,5.608637938,54000,54000
5a248637415c5e219ba0142ea7f1b066a9ebd25f,1414.02,55.47,5.664219800,54000,54000
5a248637415c5e219ba0142ea7f1b066a9ebd25f,1404.74,55.39,5.617121054,54000,55000
c61d10302690b7daa738ebaf07c1f46185dc6e60,1445.46,56.71,5.791997495,55000,55000
c61d10302690b7daa738ebaf07c1f46185dc6e60,1460.11,57.63,5.863769111,56000,54000
c61d10302690b7daa738ebaf07c1f46185dc6e60,1467.48,57.55,5.897356738,55000,56000
c61d10302690b7daa738ebaf07c1f46185dc6e60,1450.71,57.14,5.818920126,55000,54000
c61d10302690b7daa738ebaf07c1f46185dc6e60,1443.62,56.67,5.794650710,55000,55000
c61d10302690b7daa738ebaf07c1f46185dc6e60,1470.57,57.98,5.904979570,55000,54000
c61d10302690b7daa738ebaf07c1f46185dc6e60,1439.93,56.73,5.784274310,55000,54000
c61d10302690b7daa738ebaf07c1f46185dc6e60,1434.31,56.22,5.792156583,54000,54000
c61d10302690b7daa738ebaf07c1f46185dc6e60,1445.21,56.78,5.801115774,54000,54000
c61d10302690b7daa738ebaf07c1f46185dc6e60,1450.52,57.01,5.819191721,55000,54000
c61d10302690b7daa738ebaf07c1f46185dc6e60,1453.08,57.42,5.835204828,55000,55000
c61d10302690b7daa738ebaf07c1f46185dc6e60,1444.41,56.76,5.797724295,54000,54000
c61d10302690b7daa738ebaf07c1f46185dc6e60,1455.32,57.23,5.835848770,54000,55000
c61d10302690b7daa738ebaf07c1f46185dc6e60,1450.38,57.01,5.817477920,54000,54000
c61d10302690b7daa738ebaf07c1f46185dc6e60,1447.09,56.98,5.815888529,55000,55000
c61d10302690b7daa738ebaf07c1f46185dc6e60,1428.42,56.18,5.746196831,54000,54000
c61d10302690b7daa738ebaf07c1f46185dc6e60,1438.81,56.59,5.776463633,55000,55000
c61d10302690b7daa738ebaf07c1f46185dc6e60,1437.48,56.46,5.775165894,54000,54000
c61d10302690b7daa738ebaf07c1f46185dc6e60,1456.63,57.13,5.836929297,55000,54000
c61d10302690b7daa738ebaf07c1f46185dc6e60,1445.32,56.81,5.796878693,54000,54000
c61d10302690b7daa738ebaf07c1f46185dc6e60,1454.68,57.19,5.840097135,54000,54000
c61d10302690b7daa738ebaf07c1f46185dc6e60,1455.92,57.06,5.843903532,54000,55000
c61d10302690b7daa738ebaf07c1f46185dc6e60,1468.58,58.02,5.900994235,54000,54000
c61d10302690b7daa738ebaf07c1f46185dc6e60,1448.54,56.78,5.809416912,54000,54000
c61d10302690b7daa738ebaf07c1f46185dc6e60,1447.04,56.93,5.798813607,54000,54000
c61d10302690b7daa738ebaf07c1f46185dc6e60,1435.04,56.55,5.754412293,55000,54000
c61d10302690b7daa738ebaf07c1f46185dc6e60,1462.00,57.20,5.871560526,54000,54000
c61d10302690b7daa738ebaf07c1f46185dc6e60,1445.60,56.73,5.802713851,54000,55000
c61d10302690b7daa738ebaf07c1f46185dc6e60,1451.64,57.17,5.837512655,54000,54000
c61d10302690b7daa738ebaf07c1f46185dc6e60,1451.54,56.95,5.831598520,54000,54000
18f738f8caadcb015ef9ccb323dfc4bf3cbc71ac,1467.25,57.65,5.880201179,54000,56000
18f738f8caadcb015ef9ccb323dfc4bf3cbc71ac,1450.10,57.16,5.821200012,55000,55000
18f738f8caadcb015ef9ccb323dfc4bf3cbc71ac,1465.44,57.83,5.878706004,56000,55000
18f738f8caadcb015ef9ccb323dfc4bf3cbc71ac,1458.22,57.20,5.846780207,54000,55000
18f738f8caadcb015ef9ccb323dfc4bf3cbc71ac,1465.03,57.49,5.871528525,56000,56000
18f738f8caadcb015ef9ccb323dfc4bf3cbc71ac,1448.19,56.96,5.807501564,56000,55000
18f738f8caadcb015ef9ccb323dfc4bf3cbc71ac,1463.77,57.46,5.858798875,56000,55000
18f738f8caadcb015ef9ccb323dfc4bf3cbc71ac,1443.03,56.60,5.777350625,55000,56000
18f738f8caadcb015ef9ccb323dfc4bf3cbc71ac,1461.72,57.35,5.846865674,56000,55000
18f738f8caadcb015ef9ccb323dfc4bf3cbc71ac,1469.00,57.73,5.879234332,56000,56000
18f738f8caadcb015ef9ccb323dfc4bf3cbc71ac,1469.91,57.71,5.891962636,56000,55000
18f738f8caadcb015ef9ccb323dfc4bf3cbc71ac,1455.51,57.12,5.827871433,56000,56000
18f738f8caadcb015ef9ccb323dfc4bf3cbc71ac,1474.04,57.83,5.911530098,55000,54000
18f738f8caadcb015ef9ccb323dfc4bf3cbc71ac,1479.68,57.86,5.928274003,56000,56000
18f738f8caadcb015ef9ccb323dfc4bf3cbc71ac,1449.98,56.87,5.814970271,54000,55000
18f738f8caadcb015ef9ccb323dfc4bf3cbc71ac,1453.22,57.15,5.826993626,55000,55000
18f738f8caadcb015ef9ccb323dfc4bf3cbc71ac,1463.79,57.62,5.868560562,56000,55000
18f738f8caadcb015ef9ccb323dfc4bf3cbc71ac,1471.02,57.79,5.894422997,54000,55000
18f738f8caadcb015ef9ccb323dfc4bf3cbc71ac,1470.75,57.55,5.901747000,54000,55000
18f738f8caadcb015ef9ccb323dfc4bf3cbc71ac,1484.94,58.52,5.947559100,55000,54000
18f738f8caadcb015ef9ccb323dfc4bf3cbc71ac,1463.94,57.43,5.857015308,55000,54000
18f738f8caadcb015ef9ccb323dfc4bf3cbc71ac,1450.60,57.00,5.809557923,54000,55000
18f738f8caadcb015ef9ccb323dfc4bf3cbc71ac,1474.29,57.94,5.898823384,54000,56000
18f738f8caadcb015ef9ccb323dfc4bf3cbc71ac,1478.16,58.06,5.908588474,54000,55000
18f738f8caadcb015ef9ccb323dfc4bf3cbc71ac,1449.43,56.81,5.811494731,54000,54000
18f738f8caadcb015ef9ccb323dfc4bf3cbc71ac,1460.08,57.25,5.853791136,54000,55000
18f738f8caadcb015ef9ccb323dfc4bf3cbc71ac,1460.23,57.29,5.857039468,55000,56000
18f738f8caadcb015ef9ccb323dfc4bf3cbc71ac,1461.58,57.27,5.863262726,54000,55000
18f738f8caadcb015ef9ccb323dfc4bf3cbc71ac,1459.53,57.32,5.850864481,54000,55000
18f738f8caadcb015ef9ccb323dfc4bf3cbc71ac,1467.97,57.77,5.894460676,55000,55000
c0d4e37d372fe99ab908a4a3afff450859c652e3,1445.44,56.80,5.816336920,55000,55000
c0d4e37d372fe99ab908a4a3afff450859c652e3,1454.04,57.35,5.827733574,55000,54000
c0d4e37d372fe99ab908a4a3afff450859c652e3,1439.81,56.58,5.779011062,56000,55000
c0d4e37d372fe99ab908a4a3afff450859c652e3,1469.39,57.94,5.907590742,56000,54000
c0d4e37d372fe99ab908a4a3afff450859c652e3,1437.96,56.65,5.764687123,54000,55000
c0d4e37d372fe99ab908a4a3afff450859c652e3,1442.90,56.80,5.770288161,56000,55000
c0d4e37d372fe99ab908a4a3afff450859c652e3,1452.71,57.38,5.814788558,55000,54000
c0d4e37d372fe99ab908a4a3afff450859c652e3,1436.87,56.33,5.749270610,55000,56000
c0d4e37d372fe99ab908a4a3afff450859c652e3,1462.36,57.70,5.852862225,56000,55000
c0d4e37d372fe99ab908a4a3afff450859c652e3,1464.15,57.68,5.867718456,55000,55000
c0d4e37d372fe99ab908a4a3afff450859c652e3,1479.15,58.17,5.918181720,56000,56000
c0d4e37d372fe99ab908a4a3afff450859c652e3,1459.87,57.56,5.850428471,55000,54000
c0d4e37d372fe99ab908a4a3afff450859c652e3,1457.48,57.67,5.833540465,56000,55000
c0d4e37d372fe99ab908a4a3afff450859c652e3,1465.76,57.81,5.885565581,55000,56000
c0d4e37d372fe99ab908a4a3afff450859c652e3,1465.56,57.68,5.876553892,54000,54000
c0d4e37d372fe99ab908a4a3afff450859c652e3,1458.87,57.47,5.832293008,54000,54000
c0d4e37d372fe99ab908a4a3afff450859c652e3,1469.87,57.93,5.885674737,55000,54000
c0d4e37d372fe99ab908a4a3afff450859c652e3,1452.34,57.07,5.817359185,54000,54000
c0d4e37d372fe99ab908a4a3afff450859c652e3,1491.67,58.49,5.976788794,55000,55000
c0d4e37d372fe99ab908a4a3afff450859c652e3,1468.84,57.87,5.882724609,55000,56000
c0d4e37d372fe99ab908a4a3afff450859c652e3,1447.90,56.75,5.798816537,54000,54000
c0d4e37d372fe99ab908a4a3afff450859c652e3,1447.56,57.08,5.795041126,55000,55000
c0d4e37d372fe99ab908a4a3afff450859c652e3,1460.78,57.85,5.845825023,54000,54000
c0d4e37d372fe99ab908a4a3afff450859c652e3,1467.84,57.84,5.882777063,54000,54000
c0d4e37d372fe99ab908a4a3afff450859c652e3,1456.28,57.27,5.838411329,54000,55000
c0d4e37d372fe99ab908a4a3afff450859c652e3,1451.65,57.00,5.813441452,55000,54000
c0d4e37d372fe99ab908a4a3afff450859c652e3,1449.05,56.88,5.801104673,54000,54000
c0d4e37d372fe99ab908a4a3afff450859c652e3,1439.24,56.67,5.772975301,55000,56000
c0d4e37d372fe99ab908a4a3afff450859c652e3,1453.07,56.96,5.823839762,55000,55000
c0d4e37d372fe99ab908a4a3afff450859c652e3,1466.38,57.59,5.877965289,55000,55000
44233ded92deaa9d35a0118c9cf568732ccbdd44,1445.52,57.29,5.832704954,56000,56000
44233ded92deaa9d35a0118c9cf568732ccbdd44,1468.12,57.76,5.903663965,55000,55000
44233ded92deaa9d35a0118c9cf568732ccbdd44,1450.62,57.33,5.816144145,55000,55000
44233ded92deaa9d35a0118c9cf568732ccbdd44,1468.04,57.68,5.875040012,54000,55000
44233ded92deaa9d35a0118c9cf568732ccbdd44,1475.51,58.14,5.913226780,55000,54000
44233ded92deaa9d35a0118c9cf568732ccbdd44,1466.98,57.61,5.879607552,56000,56000
44233ded92deaa9d35a0118c9cf568732ccbdd44,1469.07,57.93,5.901214047,55000,55000
44233ded92deaa9d35a0118c9cf568732ccbdd44,1442.02,56.95,5.778327214,56000,56000
44233ded92deaa9d35a0118c9cf568732ccbdd44,1450.19,56.89,5.801621521,54000,54000
44233ded92deaa9d35a0118c9cf568732ccbdd44,1452.86,56.96,5.817530053,55000,55000
44233ded92deaa9d35a0118c9cf568732ccbdd44,1461.07,57.28,5.858716308,55000,55000
44233ded92deaa9d35a0118c9cf568732ccbdd44,1455.01,57.34,5.826490370,55000,55000
44233ded92deaa9d35a0118c9cf568732ccbdd44,1456.31,57.44,5.837828320,54000,56000
44233ded92deaa9d35a0118c9cf568732ccbdd44,1452.39,56.80,5.824636549,56000,56000
44233ded92deaa9d35a0118c9cf568732ccbdd44,1446.38,57.32,5.787284249,55000,56000
44233ded92deaa9d35a0118c9cf568732ccbdd44,1464.18,57.61,5.868984002,54000,55000
44233ded92deaa9d35a0118c9cf568732ccbdd44,1454.95,57.15,5.830442660,54000,55000
44233ded92deaa9d35a0118c9cf568732ccbdd44,1457.70,57.50,5.847819203,55000,54000
44233ded92deaa9d35a0118c9cf568732ccbdd44,1463.25,57.50,5.860913733,55000,55000
44233ded92deaa9d35a0118c9cf568732ccbdd44,1464.25,57.43,5.867000986,54000,55000
44233ded92deaa9d35a0118c9cf568732ccbdd44,1453.12,57.22,5.821661814,54000,54000
44233ded92deaa9d35a0118c9cf568732ccbdd44,1444.38,56.79,5.790208086,55000,54000
44233ded92deaa9d35a0118c9cf568732ccbdd44,1454.41,57.37,5.825949625,55000,55000
44233ded92deaa9d35a0118c9cf568732ccbdd44,1461.31,57.52,5.845485772,55000,55000
44233ded92deaa9d35a0118c9cf568732ccbdd44,1455.72,57.12,5.823818302,55000,55000
44233ded92deaa9d35a0118c9cf568732ccbdd44,1451.16,57.03,5.812754156,55000,55000
44233ded92deaa9d35a0118c9cf568732ccbdd44,1457.28,57.18,5.837400504,54000,54000
44233ded92deaa9d35a0118c9cf568732ccbdd44,1479.69,58.12,5.945117212,55000,55000
44233ded92deaa9d35a0118c9cf568732ccbdd44,1455.57,57.13,5.832795034,56000,55000
44233ded92deaa9d35a0118c9cf568732ccbdd44,1489.79,58.56,5.970515518,54000,56000
37845b13ccfe3508068318906a6d8df31641a363,1485.74,58.50,5.989879881,54000,54000
37845b13ccfe3508068318906a6d8df31641a363,1455.46,57.05,5.833141621,54000,54000
37845b13ccfe3508068318906a6d8df31641a363,1462.43,57.54,5.848586188,54000,54000
37845b13ccfe3508068318906a6d8df31641a363,1481.34,58.32,5.944836098,54000,55000
37845b13ccfe3508068318906a6d8df31641a363,1471.21,58.00,5.891531442,55000,55000
37845b13ccfe3508068318906a6d8df31641a363,1470.32,57.74,5.900628899,55000,55000
37845b13ccfe3508068318906a6d8df31641a363,1453.69,57.28,5.832633950,54000,55000
37845b13ccfe3508068318906a6d8df31641a363,1457.95,57.27,5.849759897,55000,55000
37845b13ccfe3508068318906a6d8df31641a363,1451.39,56.98,5.832509356,54000,54000
37845b13ccfe3508068318906a6d8df31641a363,1457.85,57.60,5.861062571,55000,54000
37845b13ccfe3508068318906a6d8df31641a363,1481.40,58.20,5.933636934,54000,54000
37845b13ccfe3508068318906a6d8df31641a363,1496.37,58.96,5.994804959,55000,54000
37845b13ccfe3508068318906a6d8df31641a363,1468.25,57.74,5.887710481,54000,54000
37845b13ccfe3508068318906a6d8df31641a363,1454.54,57.22,5.827576849,54000,55000
37845b13ccfe3508068318906a6d8df31641a363,1470.97,57.83,5.885924988,54000,55000
37845b13ccfe3508068318906a6d8df31641a363,1461.69,57.35,5.853421483,54000,54000
37845b13ccfe3508068318906a6d8df31641a363,1463.05,57.52,5.868377858,55000,55000
37845b13ccfe3508068318906a6d8df31641a363,1481.49,58.33,5.937396267,54000,54000
37845b13ccfe3508068318906a6d8df31641a363,1503.42,59.42,6.018295083,54000,54000
37845b13ccfe3508068318906a6d8df31641a363,1466.55,57.72,5.867536668,55000,54000
37845b13ccfe3508068318906a6d8df31641a363,1476.62,58.28,5.920224247,55000,54000
37845b13ccfe3508068318906a6d8df31641a363,1468.29,58.05,5.881979328,54000,54000
37845b13ccfe3508068318906a6d8df31641a363,1496.26,59.07,5.988765162,54000,54000
37845b13ccfe3508068318906a6d8df31641a363,1455.97,57.42,5.835866868,54000,55000
37845b13ccfe3508068318906a6d8df31641a363,1458.39,57.38,5.847770436,54000,55000
37845b13ccfe3508068318906a6d8df31641a363,1482.83,58.46,5.933923032,54000,55000
37845b13ccfe3508068318906a6d8df31641a363,1464.22,57.56,5.861416303,54000,54000
37845b13ccfe3508068318906a6d8df31641a363,1474.53,57.98,5.903333693,54000,55000
37845b13ccfe3508068318906a6d8df31641a363,1463.59,57.85,5.854189182,54000,55000
37845b13ccfe3508068318906a6d8df31641a363,1487.30,58.56,5.950897027,54000,54000
5a339aaeebae4084a4907243ae10bf19c64d5317,1466.03,57.76,5.883337031,54000,55000
5a339aaeebae4084a4907243ae10bf19c64d5317,1456.90,57.43,5.845478546,55000,54000
5a339aaeebae4084a4907243ae10bf19c64d5317,1482.38,58.56,5.936968691,54000,55000
5a339aaeebae4084a4907243ae10bf19c64d5317,1471.55,57.93,5.901527869,55000,54000
5a339aaeebae4084a4907243ae10bf19c64d5317,1495.00,59.15,6.010138757,54000,56000
5a339aaeebae4084a4907243ae10bf19c64d5317,1461.51,57.48,5.867440225,55000,56000
5a339aaeebae4084a4907243ae10bf19c64d5317,1477.45,58.17,5.925558421,55000,54000
5a339aaeebae4084a4907243ae10bf19c64d5317,1471.18,57.97,5.900215670,54000,55000
5a339aaeebae4084a4907243ae10bf19c64d5317,1489.35,58.44,5.979271180,54000,54000
5a339aaeebae4084a4907243ae10bf19c64d5317,1474.28,58.16,5.917689900,55000,56000
5a339aaeebae4084a4907243ae10bf19c64d5317,1486.89,58.53,5.965075353,55000,54000
5a339aaeebae4084a4907243ae10bf19c64d5317,1472.92,58.12,5.913798732,54000,54000
5a339aaeebae4084a4907243ae10bf19c64d5317,1459.24,57.73,5.851599456,54000,55000
5a339aaeebae4084a4907243ae10bf19c64d5317,1477.04,58.27,5.933080752,55000,54000
5a339aaeebae4084a4907243ae10bf19c64d5317,1454.38,57.38,5.833364336,55000,54000
5a339aaeebae4084a4907243ae10bf19c64d5317,1468.97,57.69,5.897940049,54000,54000
5a339aaeebae4084a4907243ae10bf19c64d5317,1460.11,57.55,5.858592988,55000,54000
5a339aaeebae4084a4907243ae10bf19c64d5317,1470.56,57.88,5.898870594,54000,55000
5a339aaeebae4084a4907243ae10bf19c64d5317,1478.76,58.11,5.938153304,54000,54000
5a339aaeebae4084a4907243ae10bf19c64d5317,1478.82,58.30,5.928954107,55000,54000
5a339aaeebae4084a4907243ae10bf19c64d5317,1469.26,57.87,5.891964265,55000,54000
5a339aaeebae4084a4907243ae10bf19c64d5317,1468.33,57.77,5.885832290,54000,54000
5a339aaeebae4084a4907243ae10bf19c64d5317,1471.51,57.83,5.900105228,55000,54000
5a339aaeebae4084a4907243ae10bf19c64d5317,1453.36,57.22,5.825976381,54000,54000
5a339aaeebae4084a4907243ae10bf19c64d5317,1464.22,57.76,5.872217312,55000,55000
5a339aaeebae4084a4907243ae10bf19c64d5317,1485.22,58.81,5.955649605,54000,54000
5a339aaeebae4084a4907243ae10bf19c64d5317,1511.17,59.54,6.066019064,54000,55000
5a339aaeebae4084a4907243ae10bf19c64d5317,1469.84,58.13,5.893448245,54000,54000
5a339aaeebae4084a4907243ae10bf19c64d5317,1457.52,57.57,5.853010848,54000,54000
5a339aaeebae4084a4907243ae10bf19c64d5317,1465.93,57.82,5.881449897,54000,54000
a885f084ebb9be660f83cce9aa85ff734ee2023e,1540.39,60.78,6.170720474,54000,55000
a885f084ebb9be660f83cce9aa85ff734ee2023e,1547.55,61.01,6.190144339,54000,54000
a885f084ebb9be660f83cce9aa85ff734ee2023e,1565.08,62.08,6.271127592,54000,55000
a885f084ebb9be660f83cce9aa85ff734ee2023e,1547.14,61.27,6.201153741,54000,54000
a885f084ebb9be660f83cce9aa85ff734ee2023e,1559.60,61.54,6.254891847,54000,54000
a885f084ebb9be660f83cce9aa85ff734ee2023e,1526.00,60.24,6.118339939,54000,54000
a885f084ebb9be660f83cce9aa85ff734ee2023e,1543.02,61.11,6.189531828,54000,54000
a885f084ebb9be660f83cce9aa85ff734ee2023e,1554.74,61.42,6.218292426,54000,55000
a885f084ebb9be660f83cce9aa85ff734ee2023e,1532.20,60.55,6.144895621,55000,54000
a885f084ebb9be660f83cce9aa85ff734ee2023e,1549.43,61.09,6.206226190,54000,54000
a885f084ebb9be660f83cce9aa85ff734ee2023e,1535.48,60.75,6.134145682,54000,54000
a885f084ebb9be660f83cce9aa85ff734ee2023e,1561.71,61.86,6.245147167,54000,54000
a885f084ebb9be660f83cce9aa85ff734ee2023e,1565.36,61.89,6.262012781,54000,54000
a885f084ebb9be660f83cce9aa85ff734ee2023e,1539.32,61.02,6.161978032,54000,54000
a885f084ebb9be660f83cce9aa85ff734ee2023e,1538.73,60.69,6.161246620,54000,54000
a885f084ebb9be660f83cce9aa85ff734ee2023e,1549.72,61.36,6.202973895,54000,54000
a885f084ebb9be660f83cce9aa85ff734ee2023e,1567.43,62.11,6.274744189,55000,54000
a885f084ebb9be660f83cce9aa85ff734ee2023e,1560.31,61.54,6.249100432,54000,55000
a885f084ebb9be660f83cce9aa85ff734ee2023e,1556.85,61.87,6.228334506,54000,54000
a885f084ebb9be660f83cce9aa85ff734ee2023e,1542.02,61.02,6.163923020,54000,54000
a885f084ebb9be660f83cce9aa85ff734ee2023e,1534.72,60.90,6.148027226,54000,54000
a885f084ebb9be660f83cce9aa85ff734ee2023e,1534.28,60.51,6.140979890,54000,54000
a885f084ebb9be660f83cce9aa85ff734ee2023e,1554.98,61.85,6.229423659,55000,54000
a885f084ebb9be660f83cce9aa85ff734ee2023e,1543.34,61.43,6.176388426,54000,54000
a885f084ebb9be660f83cce9aa85ff734ee2023e,1540.57,60.91,6.175223212,55000,54000
a885f084ebb9be660f83cce9aa85ff734ee2023e,1555.36,61.60,6.224795798,54000,54000
a885f084ebb9be660f83cce9aa85ff734ee2023e,1520.52,60.15,6.083162857,54000,54000
a885f084ebb9be660f83cce9aa85ff734ee2023e,1545.67,61.28,6.191186892,54000,54000
a885f084ebb9be660f83cce9aa85ff734ee2023e,1545.80,61.08,6.185240966,54000,54000
a885f084ebb9be660f83cce9aa85ff734ee2023e,1556.18,61.55,6.223665829,54000,55000
adb9650f17520f1de630abc1758e25997263276d,1544.09,61.01,6.185030766,55000,55000
adb9650f17520f1de630abc1758e25997263276d,1538.96,60.76,6.147840110,55000,55000
adb9650f17520f1de630abc1758e25997263276d,1536.40,60.68,6.141402926,56000,55000
adb9650f17520f1de630abc1758e25997263276d,1511.14,59.65,6.047175503,55000,55000
adb9650f17520f1de630abc1758e25997263276d,1524.74,60.28,6.097421243,56000,56000
adb9650f17520f1de630abc1758e25997263276d,1550.04,61.23,6.186997809,55000,55000
adb9650f17520f1de630abc1758e25997263276d,1534.67,60.59,6.126377004,55000,56000
adb9650f17520f1de630abc1758e25997263276d,1535.89,60.56,6.130787741,56000,55000
adb9650f17520f1de630abc1758e25997263276d,1530.83,60.25,6.113168727,55000,55000
adb9650f17520f1de630abc1758e25997263276d,1533.18,60.42,6.122601822,55000,55000
adb9650f17520f1de630abc1758e25997263276d,1556.24,61.29,6.211902679,55000,55000
adb9650f17520f1de630abc1758e25997263276d,1545.12,61.12,6.167955410,56000,55000
adb9650f17520f1de630abc1758e25997263276d,1544.76,61.11,6.168190888,55000,55000
adb9650f17520f1de630abc1758e25997263276d,1540.88,60.98,6.142865486,56000,56000
adb9650f17520f1de630abc1758e25997263276d,1550.75,61.42,6.206619085,55000,55000
adb9650f17520f1de630abc1758e25997263276d,1530.07,60.53,6.113099147,55000,55000
adb9650f17520f1de630abc1758e25997263276d,1543.54,61.12,6.161187678,55000,54000
adb9650f17520f1de630abc1758e25997263276d,1559.96,61.81,6.237774444,54000,54000
adb9650f17520f1de630abc1758e25997263276d,1558.45,61.80,6.227468731,55000,54000
adb9650f17520f1de630abc1758e25997263276d,1551.32,61.35,6.187202897,54000,55000
adb9650f17520f1de630abc1758e25997263276d,1514.14,59.68,6.060536924,56000,55000
adb9650f17520f1de630abc1758e25997263276d,1552.17,61.34,6.183774409,54000,56000
adb9650f17520f1de630abc1758e25997263276d,1537.42,60.73,6.136898823,54000,54000
adb9650f17520f1de630abc1758e25997263276d,1559.02,61.27,6.225045907,55000,54000
adb9650f17520f1de630abc1758e25997263276d,1540.77,60.69,6.140578089,55000,54000
adb9650f17520f1de630abc1758e25997263276d,1557.84,61.57,6.214678117,55000,55000
adb9650f17520f1de630abc1758e25997263276d,1527.97,60.35,6.099820924,55000,55000
adb9650f17520f1de630abc1758e25997263276d,1532.67,60.54,6.128395453,54000,54000
adb9650f17520f1de630abc1758e25997263276d,1524.77,60.30,6.100930990,54000,55000
adb9650f17520f1de630abc1758e25997263276d,1528.55,60.36,6.117503492,54000,54000
7e7434b0ee4acd59d8f57a55bebc692c62f06190,1519.83,60.32,6.110395726,56000,55000
7e7434b0ee4acd59d8f57a55bebc692c62f06190,1531.95,60.54,6.128708807,55000,55000
7e7434b0ee4acd59d8f57a55bebc692c62f06190,1534.72,60.79,6.132300376,54000,55000
7e7434b0ee4acd59d8f57a55bebc692c62f06190,1534.84,60.73,6.131344304,55000,55000
7e7434b0ee4acd59d8f57a55bebc692c62f06190,1539.34,60.73,6.151965186,54000,54000
7e7434b0ee4acd59d8f57a55bebc692c62f06190,1514.07,59.64,6.054491155,55000,55000
7e7434b0ee4acd59d8f57a55bebc692c62f06190,1535.58,60.73,6.134404773,54000,54000
7e7434b0ee4acd59d8f57a55bebc692c62f06190,1529.68,60.31,6.111526210,55000,55000
7e7434b0ee4acd59d8f57a55bebc692c62f06190,1550.34,61.17,6.194188627,55000,55000
7e7434b0ee4acd59d8f57a55bebc692c62f06190,1556.01,61.35,6.212875366,55000,54000
7e7434b0ee4acd59d8f57a55bebc692c62f06190,1532.59,60.30,6.113161073,55000,55000
7e7434b0ee4acd59d8f57a55bebc692c62f06190,1532.17,60.61,6.126790783,56000,56000
7e7434b0ee4acd59d8f57a55bebc692c62f06190,1556.35,61.73,6.211801392,55000,56000
7e7434b0ee4acd59d8f57a55bebc692c62f06190,1522.18,59.98,6.088075391,55000,55000
7e7434b0ee4acd59d8f57a55bebc692c62f06190,1510.17,59.67,6.048719272,54000,54000
7e7434b0ee4acd59d8f57a55bebc692c62f06190,1522.36,59.98,6.078097598,54000,54000
7e7434b0ee4acd59d8f57a55bebc692c62f06190,1542.23,60.94,6.158763488,55000,54000
7e7434b0ee4acd59d8f57a55bebc692c62f06190,1553.66,61.04,6.206052134,54000,55000
7e7434b0ee4acd59d8f57a55bebc692c62f06190,1544.57,60.63,6.158348840,55000,54000
7e7434b0ee4acd59d8f57a55bebc692c62f06190,1544.59,61.03,6.175436036,56000,54000
7e7434b0ee4acd59d8f57a55bebc692c62f06190,1513.58,59.65,6.053993682,54000,55000
7e7434b0ee4acd59d8f57a55bebc692c62f06190,1534.75,60.49,6.126324350,55000,54000
7e7434b0ee4acd59d8f57a55bebc692c62f06190,1548.14,61.08,6.198262188,54000,55000
7e7434b0ee4acd59d8f57a55bebc692c62f06190,1539.41,60.62,6.161495575,55000,55000
7e7434b0ee4acd59d8f57a55bebc692c62f06190,1551.74,61.18,6.197031739,55000,54000
7e7434b0ee4acd59d8f57a55bebc692c62f06190,1533.22,60.58,6.129526185,55000,55000
7e7434b0ee4acd59d8f57a55bebc692c62f06190,1532.24,60.56,6.116072769,55000,55000
7e7434b0ee4acd59d8f57a55bebc692c62f06190,1558.26,61.30,6.237468976,56000,55000
7e7434b0ee4acd59d8f57a55bebc692c62f06190,1534.16,60.53,6.134320940,56000,55000
7e7434b0ee4acd59d8f57a55bebc692c62f06190,1543.09,60.84,6.162815377,56000,55000
0138ac401ae8da2b12fdcbe580b6f73feedd6a6b,1542.78,61.18,6.185685115,55000,55000
0138ac401ae8da2b12fdcbe580b6f73feedd6a6b,1524.22,60.43,6.096508198,55000,54000
0138ac401ae8da2b12fdcbe580b6f73feedd6a6b,1535.32,60.98,6.109804975,55000,54000
0138ac401ae8da2b12fdcbe580b6f73feedd6a6b,1548.80,61.26,6.174885277,55000,55000
0138ac401ae8da2b12fdcbe580b6f73feedd6a6b,1529.47,60.63,6.105147306,54000,54000
0138ac401ae8da2b12fdcbe580b6f73feedd6a6b,1553.77,61.53,6.192693249,55000,55000
0138ac401ae8da2b12fdcbe580b6f73feedd6a6b,1537.95,61.03,6.134615824,54000,55000
0138ac401ae8da2b12fdcbe580b6f73feedd6a6b,1555.18,61.51,6.200431081,55000,54000
0138ac401ae8da2b12fdcbe580b6f73feedd6a6b,1553.63,61.29,6.199012053,54000,54000
0138ac401ae8da2b12fdcbe580b6f73feedd6a6b,1549.10,61.40,6.166251354,54000,54000
0138ac401ae8da2b12fdcbe580b6f73feedd6a6b,1570.30,62.05,6.260891624,54000,54000
0138ac401ae8da2b12fdcbe580b6f73feedd6a6b,1577.95,62.73,6.296182719,56000,55000
0138ac401ae8da2b12fdcbe580b6f73feedd6a6b,1556.87,61.69,6.207667554,56000,56000
0138ac401ae8da2b12fdcbe580b6f73feedd6a6b,1514.07,60.01,6.040445952,55000,54000
0138ac401ae8da2b12fdcbe580b6f73feedd6a6b,1534.55,60.58,6.130547435,55000,55000
0138ac401ae8da2b12fdcbe580b6f73feedd6a6b,1536.61,60.69,6.148972513,56000,55000
0138ac401ae8da2b12fdcbe580b6f73feedd6a6b,1553.09,61.30,6.215899360,54000,54000
0138ac401ae8da2b12fdcbe580b6f73feedd6a6b,1540.51,60.88,6.160060520,55000,54000
0138ac401ae8da2b12fdcbe580b6f73feedd6a6b,1559.90,61.51,6.218118489,55000,55000
0138ac401ae8da2b12fdcbe580b6f73feedd6a6b,1528.77,60.33,6.099327934,54000,54000
0138ac401ae8da2b12fdcbe580b6f73feedd6a6b,1512.39,59.56,6.047199602,54000,54000
0138ac401ae8da2b12fdcbe580b6f73feedd6a6b,1545.78,61.18,6.165976648,55000,54000
0138ac401ae8da2b12fdcbe580b6f73feedd6a6b,1538.33,60.79,6.137324420,54000,55000
0138ac401ae8da2b12fdcbe580b6f73feedd6a6b,1534.74,60.64,6.122294647,54000,54000
0138ac401ae8da2b12fdcbe580b6f73feedd6a6b,1535.04,60.67,6.128376062,55000,54000
0138ac401ae8da2b12fdcbe580b6f73feedd6a6b,1550.84,61.27,6.195970756,54000,55000
0138ac401ae8da2b12fdcbe580b6f73feedd6a6b,1538.15,60.72,6.129905355,55000,55000
0138ac401ae8da2b12fdcbe580b6f73feedd6a6b,1526.49,60.02,6.096275675,56000,56000
0138ac401ae8da2b12fdcbe580b6f73feedd6a6b,1522.22,59.96,6.071227756,54000,54000
0138ac401ae8da2b12fdcbe580b6f73feedd6a6b,1516.31,59.96,6.059344262,56000,55000
f9726db01e92d591f9d20f2a9696fc4e86594d3c,1564.69,61.69,6.249714416,55000,54000
f9726db01e92d591f9d20f2a9696fc4e86594d3c,1595.24,63.09,6.372359634,56000,56000
f9726db01e92d591f9d20f2a9696fc4e86594d3c,1574.44,62.17,6.279958946,56000,56000
f9726db01e92d591f9d20f2a9696fc4e86594d3c,1564.93,61.73,6.243014319,55000,56000
f9726db01e92d591f9d20f2a9696fc4e86594d3c,1563.76,61.91,6.244749052,55000,54000
f9726db01e92d591f9d20f2a9696fc4e86594d3c,1570.22,62.24,6.257333675,56000,56000
f9726db01e92d591f9d20f2a9696fc4e86594d3c,1582.69,62.39,6.305066251,55000,56000
f9726db01e92d591f9d20f2a9696fc4e86594d3c,1578.99,61.99,6.308836819,54000,56000
f9726db01e92d591f9d20f2a9696fc4e86594d3c,1572.10,61.87,6.269785855,54000,55000
f9726db01e92d591f9d20f2a9696fc4e86594d3c,1583.33,62.45,6.327023436,55000,54000
f9726db01e92d591f9d20f2a9696fc4e86594d3c,1602.39,63.25,6.392027790,55000,55000
f9726db01e92d591f9d20f2a9696fc4e86594d3c,1566.24,61.83,6.237630043,54000,56000
f9726db01e92d591f9d20f2a9696fc4e86594d3c,1596.87,63.12,6.360672147,55000,55000
f9726db01e92d591f9d20f2a9696fc4e86594d3c,1586.11,62.76,6.323842897,56000,56000
f9726db01e92d591f9d20f2a9696fc4e86594d3c,1561.89,61.88,6.233568389,55000,56000
f9726db01e92d591f9d20f2a9696fc4e86594d3c,1572.57,62.25,6.270457988,55000,55000
f9726db01e92d591f9d20f2a9696fc4e86594d3c,1608.16,63.82,6.422108289,55000,55000
f9726db01e92d591f9d20f2a9696fc4e86594d3c,1575.54,62.14,6.294986364,55000,55000
f9726db01e92d591f9d20f2a9696fc4e86594d3c,1588.85,62.84,6.335476465,56000,56000
f9726db01e92d591f9d20f2a9696fc4e86594d3c,1582.50,62.53,6.307943835,55000,55000
f9726db01e92d591f9d20f2a9696fc4e86594d3c,1573.58,62.08,6.276889297,54000,55000
f9726db01e92d591f9d20f2a9696fc4e86594d3c,1581.89,62.67,6.313859164,55000,55000
f9726db01e92d591f9d20f2a9696fc4e86594d3c,1567.37,61.92,6.248927586,55000,54000
f9726db01e92d591f9d20f2a9696fc4e86594d3c,1561.06,61.31,6.218218098,55000,55000
f9726db01e92d591f9d20f2a9696fc4e86594d3c,1591.13,62.41,6.346954215,55000,55000
f9726db01e92d591f9d20f2a9696fc4e86594d3c,1565.43,61.82,6.253567627,55000,55000
f9726db01e92d591f9d20f2a9696fc4e86594d3c,1572.01,62.24,6.270611684,56000,55000
f9726db01e92d591f9d20f2a9696fc4e86594d3c,1568.51,62.11,6.264894363,55000,55000
f9726db01e92d591f9d20f2a9696fc4e86594d3c,1563.56,61.86,6.254231536,54000,56000
f9726db01e92d591f9d20f2a9696fc4e86594d3c,1595.65,63.12,6.372340225,55000,54000
3e3ce93324af169fa3208602e5a58db174aec431,1566.14,62.33,6.310251419,56000,56000
3e3ce93324af169fa3208602e5a58db174aec431,1569.59,62.34,6.268063068,56000,56000
3e3ce93324af169fa3208602e5a58db174aec431,1589.78,62.96,6.343272313,55000,55000
3e3ce93324af169fa3208602e5a58db174aec431,1599.09,63.33,6.365489543,55000,55000
3e3ce93324af169fa3208602e5a58db174aec431,1580.18,62.46,6.317374514,56000,55000
3e3ce93324af169fa3208602e5a58db174aec431,1580.53,62.61,6.302916707,55000,55000
3e3ce93324af169fa3208602e5a58db174aec431,1623.72,64.43,6.464361514,55000,55000
3e3ce93324af169fa3208602e5a58db174aec431,1597.17,63.12,6.358160088,54000,54000
3e3ce93324af169fa3208602e5a58db174aec431,1603.16,63.41,6.385098274,55000,55000
3e3ce93324af169fa3208602e5a58db174aec431,1584.94,62.56,6.322266236,55000,55000
3e3ce93324af169fa3208602e5a58db174aec431,1592.74,62.98,6.346342827,55000,56000
3e3ce93324af169fa3208602e5a58db174aec431,1605.92,63.67,6.392227102,55000,54000
3e3ce93324af169fa3208602e5a58db174aec431,1603.86,63.41,6.390233225,55000,54000
3e3ce93324af169fa3208602e5a58db174aec431,1608.24,63.88,6.401720538,55000,55000
3e3ce93324af169fa3208602e5a58db174aec431,1592.29,63.01,6.351327677,56000,55000
3e3ce93324af169fa3208602e5a58db174aec431,1571.76,62.16,6.272529972,56000,55000
3e3ce93324af169fa3208602e5a58db174aec431,1591.25,62.96,6.345279861,54000,55000
3e3ce93324af169fa3208602e5a58db174aec431,1607.28,63.66,6.410353959,54000,54000
3e3ce93324af169fa3208602e5a58db174aec431,1597.21,63.10,6.359442734,55000,54000
3e3ce93324af169fa3208602e5a58db174aec431,1593.95,62.84,6.343420650,54000,54000
3e3ce93324af169fa3208602e5a58db174aec431,1601.68,63.52,6.396371470,54000,55000
3e3ce93324af169fa3208602e5a58db174aec431,1582.35,62.56,6.305024585,55000,55000
3e3ce93324af169fa3208602e5a58db174aec431,1602.58,63.53,6.401372946,55000,54000
3e3ce93324af169fa3208602e5a58db174aec431,1607.64,63.63,6.407883217,54000,54000
3e3ce93324af169fa3208602e5a58db174aec431,1614.93,64.11,6.432727780,55000,55000
3e3ce93324af169fa3208602e5a58db174aec431,1597.54,63.63,6.363428720,54000,55000
3e3ce93324af169fa3208602e5a58db174aec431,1590.70,62.92,6.339057011,56000,54000
3e3ce93324af169fa3208602e5a58db174aec431,1603.78,63.39,6.390953925,55000,54000
3e3ce93324af169fa3208602e5a58db174aec431,1582.65,62.57,6.310035470,55000,55000
3e3ce93324af169fa3208602e5a58db174aec431,1622.57,64.11,6.462305626,56000,55000
e487ed5d0dae9544d476a28ca0bcc7b35c7fe5ef,1594.21,63.47,6.393946917,56000,56000
e487ed5d0dae9544d476a28ca0bcc7b35c7fe5ef,1603.43,63.48,6.404470401,54000,56000
e487ed5d0dae9544d476a28ca0bcc7b35c7fe5ef,1608.57,63.58,6.420598721,56000,56000
e487ed5d0dae9544d476a28ca0bcc7b35c7fe5ef,1597.44,63.18,6.371802186,54000,54000
e487ed5d0dae9544d476a28ca0bcc7b35c7fe5ef,1611.07,63.77,6.419308244,54000,55000
e487ed5d0dae9544d476a28ca0bcc7b35c7fe5ef,1615.33,64.05,6.434496208,56000,56000
e487ed5d0dae9544d476a28ca0bcc7b35c7fe5ef,1606.81,63.67,6.392890567,55000,55000
e487ed5d0dae9544d476a28ca0bcc7b35c7fe5ef,1602.47,63.47,6.382176299,56000,55000
e487ed5d0dae9544d476a28ca0bcc7b35c7fe5ef,1632.74,64.74,6.494426058,55000,55000
e487ed5d0dae9544d476a28ca0bcc7b35c7fe5ef,1591.11,62.80,6.346190905,54000,56000
e487ed5d0dae9544d476a28ca0bcc7b35c7fe5ef,1624.51,64.49,6.467474522,55000,54000
e487ed5d0dae9544d476a28ca0bcc7b35c7fe5ef,1595.20,62.98,6.361805029,55000,55000
e487ed5d0dae9544d476a28ca0bcc7b35c7fe5ef,1606.43,63.64,6.401887632,55000,56000
e487ed5d0dae9544d476a28ca0bcc7b35c7fe5ef,1616.18,64.05,6.434787368,56000,55000
e487ed5d0dae9544d476a28ca0bcc7b35c7fe5ef,1610.73,63.51,6.424581430,56000,55000
e487ed5d0dae9544d476a28ca0bcc7b35c7fe5ef,1607.57,63.68,6.406106047,54000,54000
e487ed5d0dae9544d476a28ca0bcc7b35c7fe5ef,1626.78,64.68,6.482383232,54000,54000
e487ed5d0dae9544d476a28ca0bcc7b35c7fe5ef,1580.71,62.23,6.318334893,55000,55000
e487ed5d0dae9544d476a28ca0bcc7b35c7fe5ef,1625.55,64.43,6.475486449,55000,55000
e487ed5d0dae9544d476a28ca0bcc7b35c7fe5ef,1610.22,63.60,6.419986538,55000,54000
e487ed5d0dae9544d476a28ca0bcc7b35c7fe5ef,1610.28,63.38,6.420107446,55000,54000
e487ed5d0dae9544d476a28ca0bcc7b35c7fe5ef,1621.69,63.82,6.473943608,54000,55000
e487ed5d0dae9544d476a28ca0bcc7b35c7fe5ef,1619.28,63.87,6.448946021,54000,55000
e487ed5d0dae9544d476a28ca0bcc7b35c7fe5ef,1612.70,63.74,6.420482917,55000,54000
e487ed5d0dae9544d476a28ca0bcc7b35c7fe5ef,1618.78,63.99,6.445228648,55000,55000
e487ed5d0dae9544d476a28ca0bcc7b35c7fe5ef,1615.89,63.99,6.443126223,55000,54000
e487ed5d0dae9544d476a28ca0bcc7b35c7fe5ef,1608.91,63.58,6.412054894,54000,54000
e487ed5d0dae9544d476a28ca0bcc7b35c7fe5ef,1612.60,63.59,6.428844733,55000,55000
e487ed5d0dae9544d476a28ca0bcc7b35c7fe5ef,1627.11,64.16,6.489256077,55000,55000
e487ed5d0dae9544d476a28ca0bcc7b35c7fe5ef,1640.19,64.83,6.539655609,56000,55000
58009d6fa2050ef9b097f6c263cf0bc6ccac5a80,1608.77,63.50,6.430143400,55000,55000
58009d6fa2050ef9b097f6c263cf0bc6ccac5a80,1646.48,65.45,6.570281581,55000,55000
58009d6fa2050ef9b097f6c263cf0bc6ccac5a80,1649.65,65.58,6.566928625,55000,55000
58009d6fa2050ef9b097f6c263cf0bc6ccac5a80,1640.96,65.15,6.540496704,54000,55000
58009d6fa2050ef9b097f6c263cf0bc6ccac5a80,1635.78,64.76,6.509543359,55000,55000
58009d6fa2050ef9b097f6c263cf0bc6ccac5a80,1603.97,63.51,6.383448955,55000,55000
58009d6fa2050ef9b097f6c263cf0bc6ccac5a80,1636.82,64.87,6.518658969,54000,55000
58009d6fa2050ef9b097f6c263cf0bc6ccac5a80,1622.11,64.18,6.468454766,55000,54000
58009d6fa2050ef9b097f6c263cf0bc6ccac5a80,1687.67,66.92,6.717166017,54000,55000
58009d6fa2050ef9b097f6c263cf0bc6ccac5a80,1641.77,64.98,6.536170650,55000,55000
58009d6fa2050ef9b097f6c263cf0bc6ccac5a80,1633.92,64.65,6.508701001,55000,56000
58009d6fa2050ef9b097f6c263cf0bc6ccac5a80,1642.09,65.20,6.546426846,56000,55000
58009d6fa2050ef9b097f6c263cf0bc6ccac5a80,1642.45,65.28,6.537115253,54000,56000
58009d6fa2050ef9b097f6c263cf0bc6ccac5a80,1636.63,64.74,6.528211728,55000,55000
58009d6fa2050ef9b097f6c263cf0bc6ccac5a80,1637.09,64.55,6.540882726,55000,54000
58009d6fa2050ef9b097f6c263cf0bc6ccac5a80,1652.60,65.27,6.574748377,54000,54000
58009d6fa2050ef9b097f6c263cf0bc6ccac5a80,1645.71,65.30,6.556108985,54000,54000
58009d6fa2050ef9b097f6c263cf0bc6ccac5a80,1622.45,64.08,6.464709122,55000,54000
58009d6fa2050ef9b097f6c263cf0bc6ccac5a80,1644.51,64.83,6.558379725,54000,56000
58009d6fa2050ef9b097f6c263cf0bc6ccac5a80,1606.14,63.72,6.406034499,56000,55000
58009d6fa2050ef9b097f6c263cf0bc6ccac5a80,1656.47,65.80,6.595653533,54000,54000
58009d6fa2050ef9b097f6c263cf0bc6ccac5a80,1635.83,64.89,6.517627751,54000,55000
58009d6fa2050ef9b097f6c263cf0bc6ccac5a80,1637.21,65.06,6.517487898,54000,54000
58009d6fa2050ef9b097f6c263cf0bc6ccac5a80,1685.95,66.64,6.710197575,55000,55000
58009d6fa2050ef9b097f6c263cf0bc6ccac5a80,1627.51,64.60,6.483411495,55000,56000
58009d6fa2050ef9b097f6c263cf0bc6ccac5a80,1638.72,65.04,6.529268647,54000,54000
58009d6fa2050ef9b097f6c263cf0bc6ccac5a80,1632.68,64.60,6.500567809,54000,54000
58009d6fa2050ef9b097f6c263cf0bc6ccac5a80,1633.31,64.66,6.508442273,54000,56000
58009d6fa2050ef9b097f6c263cf0bc6ccac5a80,1641.93,64.94,6.532435224,55000,55000
58009d6fa2050ef9b097f6c263cf0bc6ccac5a80,1610.12,63.60,6.419045845,54000,55000
c0c7b08fb2cbcc7c46c32382796bd5b232d8fb71,1593.73,63.17,6.385783971,55000,56000
c0c7b08fb2cbcc7c46c32382796bd5b232d8fb71,1602.85,63.46,6.398030126,56000,56000
c0c7b08fb2cbcc7c46c32382796bd5b232d8fb71,1611.25,63.85,6.418348562,56000,55000
c0c7b08fb2cbcc7c46c32382796bd5b232d8fb71,1615.75,64.03,6.435380902,54000,54000
c0c7b08fb2cbcc7c46c32382796bd5b232d8fb71,1612.26,64.00,6.422410704,55000,56000
c0c7b08fb2cbcc7c46c32382796bd5b232d8fb71,1610.07,63.64,6.425089312,55000,54000
c0c7b08fb2cbcc7c46c32382796bd5b232d8fb71,1602.85,63.58,6.374807692,54000,55000
c0c7b08fb2cbcc7c46c32382796bd5b232d8fb71,1613.16,63.66,6.424581771,55000,55000
c0c7b08fb2cbcc7c46c32382796bd5b232d8fb71,1625.78,64.13,6.480878978,54000,55000
c0c7b08fb2cbcc7c46c32382796bd5b232d8fb71,1603.04,63.21,6.386159876,55000,55000
c0c7b08fb2cbcc7c46c32382796bd5b232d8fb71,1598.04,63.10,6.374311035,55000,55000
c0c7b08fb2cbcc7c46c32382796bd5b232d8fb71,1644.03,65.11,6.572436075,55000,56000
c0c7b08fb2cbcc7c46c32382796bd5b232d8fb71,1607.02,63.56,6.409513028,54000,56000
c0c7b08fb2cbcc7c46c32382796bd5b232d8fb71,1589.03,62.61,6.337751163,55000,55000
c0c7b08fb2cbcc7c46c32382796bd5b232d8fb71,1618.76,64.43,6.454552322,55000,55000
c0c7b08fb2cbcc7c46c32382796bd5b232d8fb71,1586.59,62.88,6.313488543,55000,55000
c0c7b08fb2cbcc7c46c32382796bd5b232d8fb71,1593.52,63.11,6.344143201,54000,54000
c0c7b08fb2cbcc7c46c32382796bd5b232d8fb71,1621.67,64.26,6.457112037,54000,54000
c0c7b08fb2cbcc7c46c32382796bd5b232d8fb71,1620.28,64.15,6.440110381,54000,55000
c0c7b08fb2cbcc7c46c32382796bd5b232d8fb71,1586.07,62.85,6.327879190,54000,54000
c0c7b08fb2cbcc7c46c32382796bd5b232d8fb71,1605.30,63.48,6.404662128,55000,54000
c0c7b08fb2cbcc7c46c32382796bd5b232d8fb71,1610.40,63.54,6.422239638,55000,54000
c0c7b08fb2cbcc7c46c32382796bd5b232d8fb71,1590.96,62.76,6.352708962,56000,55000
c0c7b08fb2cbcc7c46c32382796bd5b232d8fb71,1621.80,64.01,6.457855636,55000,55000
c0c7b08fb2cbcc7c46c32382796bd5b232d8fb71,1595.47,63.00,6.360541404,55000,55000
c0c7b08fb2cbcc7c46c32382796bd5b232d8fb71,1587.39,62.93,6.317496504,54000,54000
c0c7b08fb2cbcc7c46c32382796bd5b232d8fb71,1595.49,63.21,6.358652239,54000,54000
c0c7b08fb2cbcc7c46c32382796bd5b232d8fb71,1594.43,62.99,6.357437564,55000,55000
c0c7b08fb2cbcc7c46c32382796bd5b232d8fb71,1602.52,63.41,6.382237902,55000,56000
c0c7b08fb2cbcc7c46c32382796bd5b232d8fb71,1621.93,64.40,6.465474420,55000,56000
b590dfa14981eb31dd6148d4e03cd3eb515cefb7,1609.09,64.02,6.457369170,55000,56000
b590dfa14981eb31dd6148d4e03cd3eb515cefb7,1612.67,63.72,6.437717895,56000,56000
b590dfa14981eb31dd6148d4e03cd3eb515cefb7,1633.02,64.71,6.515190111,54000,56000
b590dfa14981eb31dd6148d4e03cd3eb515cefb7,1608.89,63.45,6.403968938,55000,54000
b590dfa14981eb31dd6148d4e03cd3eb515cefb7,1628.66,64.53,6.486849735,55000,55000
b590dfa14981eb31dd6148d4e03cd3eb515cefb7,1627.11,64.18,6.484723353,56000,56000
b590dfa14981eb31dd6148d4e03cd3eb515cefb7,1605.07,63.41,6.406690278,55000,54000
b590dfa14981eb31dd6148d4e03cd3eb515cefb7,1617.22,63.87,6.436827085,55000,54000
b590dfa14981eb31dd6148d4e03cd3eb515cefb7,1627.02,64.51,6.475848513,55000,56000
b590dfa14981eb31dd6148d4e03cd3eb515cefb7,1610.42,63.66,6.421711535,56000,54000
b590dfa14981eb31dd6148d4e03cd3eb515cefb7,1641.50,64.72,6.536574604,55000,55000
b590dfa14981eb31dd6148d4e03cd3eb515cefb7,1617.09,63.77,6.429037877,55000,55000
b590dfa14981eb31dd6148d4e03cd3eb515cefb7,1628.11,64.42,6.488956325,56000,55000
b590dfa14981eb31dd6148d4e03cd3eb515cefb7,1654.09,65.21,6.599134629,56000,55000
b590dfa14981eb31dd6148d4e03cd3eb515cefb7,1640.00,65.06,6.541837520,55000,55000
b590dfa14981eb31dd6148d4e03cd3eb515cefb7,1628.08,64.17,6.494060206,55000,54000
b590dfa14981eb31dd6148d4e03cd3eb515cefb7,1642.63,65.03,6.540810601,56000,55000
b590dfa14981eb31dd6148d4e03cd3eb515cefb7,1631.42,64.56,6.495040710,55000,55000
b590dfa14981eb31dd6148d4e03cd3eb515cefb7,1619.06,63.86,6.446395525,55000,55000
b590dfa14981eb31dd6148d4e03cd3eb515cefb7,1615.59,63.80,6.430396248,55000,55000
b590dfa14981eb31dd6148d4e03cd3eb515cefb7,1627.71,64.44,6.480964674,54000,55000
b590dfa14981eb31dd6148d4e03cd3eb515cefb7,1629.67,64.24,6.483865612,55000,54000
b590dfa14981eb31dd6148d4e03cd3eb515cefb7,1617.39,63.82,6.440457056,55000,56000
b590dfa14981eb31dd6148d4e03cd3eb515cefb7,1631.69,64.74,6.493962212,54000,55000
b590dfa14981eb31dd6148d4e03cd3eb515cefb7,1641.98,64.79,6.533371438,55000,56000
b590dfa14981eb31dd6148d4e03cd3eb515cefb7,1627.94,64.19,6.482805021,55000,55000
b590dfa14981eb31dd6148d4e03cd3eb515cefb7,1619.15,63.73,6.449638980,54000,53000
b590dfa14981eb31dd6148d4e03cd3eb515cefb7,1625.49,63.88,6.471064525,55000,55000
b590dfa14981eb31dd6148d4e03cd3eb515cefb7,1626.64,64.22,6.491972767,55000,54000
b590dfa14981eb31dd6148d4e03cd3eb515cefb7,1612.24,63.58,6.428460937,56000,55000
018c34577e0d92bf70e5107d65a483730ebe0fcc,1624.88,64.32,6.497591825,54000,56000
018c34577e0d92bf70e5107d65a483730ebe0fcc,1628.85,64.26,6.496206356,54000,54000
018c34577e0d92bf70e5107d65a483730ebe0fcc,1631.11,64.45,6.489482090,55000,55000
018c34577e0d92bf70e5107d65a483730ebe0fcc,1611.59,63.68,6.427972106,55000,54000
018c34577e0d92bf70e5107d65a483730ebe0fcc,1628.64,64.36,6.485333429,55000,55000
018c34577e0d92bf70e5107d65a483730ebe0fcc,1645.84,65.10,6.547579499,55000,56000
018c34577e0d92bf70e5107d65a483730ebe0fcc,1619.33,63.98,6.456630717,55000,55000
018c34577e0d92bf70e5107d65a483730ebe0fcc,1638.92,64.92,6.524159999,56000,55000
018c34577e0d92bf70e5107d65a483730ebe0fcc,1632.57,64.38,6.506764473,54000,55000
018c34577e0d92bf70e5107d65a483730ebe0fcc,1625.62,64.14,6.482639204,54000,55000
018c34577e0d92bf70e5107d65a483730ebe0fcc,1641.28,64.95,6.528600759,56000,56000
018c34577e0d92bf70e5107d65a483730ebe0fcc,1632.07,64.53,6.502774889,55000,55000
018c34577e0d92bf70e5107d65a483730ebe0fcc,1617.05,63.87,6.446152739,56000,55000
018c34577e0d92bf70e5107d65a483730ebe0fcc,1658.99,65.48,6.616539372,56000,56000
018c34577e0d92bf70e5107d65a483730ebe0fcc,1616.40,64.09,6.447978047,55000,54000
018c34577e0d92bf70e5107d65a483730ebe0fcc,1617.16,64.00,6.449031930,56000,54000
018c34577e0d92bf70e5107d65a483730ebe0fcc,1637.76,64.65,6.521709831,54000,54000
018c34577e0d92bf70e5107d65a483730ebe0fcc,1623.29,64.04,6.465196564,55000,56000
018c34577e0d92bf70e5107d65a483730ebe0fcc,1636.94,64.38,6.518410919,54000,55000
018c34577e0d92bf70e5107d65a483730ebe0fcc,1616.54,64.24,6.444848102,55000,54000
018c34577e0d92bf70e5107d65a483730ebe0fcc,1637.09,65.01,6.513447341,54000,55000
018c34577e0d92bf70e5107d65a483730ebe0fcc,1598.74,62.94,6.372128068,55000,55000
018c34577e0d92bf70e5107d65a483730ebe0fcc,1636.26,64.72,6.523378944,55000,54000
018c34577e0d92bf70e5107d65a483730ebe0fcc,1643.83,64.96,6.541972202,54000,54000
018c34577e0d92bf70e5107d65a483730ebe0fcc,1630.56,64.30,6.502962585,55000,54000
018c34577e0d92bf70e5107d65a483730ebe0fcc,1623.93,64.29,6.457363098,54000,55000
018c34577e0d92bf70e5107d65a483730ebe0fcc,1619.85,63.93,6.483511807,54000,54000
018c34577e0d92bf70e5107d65a483730ebe0fcc,1649.06,65.35,6.567416932,56000,55000
018c34577e0d92bf70e5107d65a483730ebe0fcc,1620.37,63.71,6.472789014,55000,55000
018c34577e0d92bf70e5107d65a483730ebe0fcc,1621.00,64.00,6.473304578,56000,56000
7077b3b1b20a4cdd33fecf596a14144dfe641308,1636.88,65.26,6.561231263,56000,55000
7077b3b1b20a4cdd33fecf596a14144dfe641308,1640.91,65.08,6.555682318,56000,56000
7077b3b1b20a4cdd33fecf596a14144dfe641308,1633.52,64.86,6.509715425,55000,55000
7077b3b1b20a4cdd33fecf596a14144dfe641308,1643.74,64.86,6.554054153,54000,55000
7077b3b1b20a4cdd33fecf596a14144dfe641308,1654.06,65.47,6.593059722,54000,55000
7077b3b1b20a4cdd33fecf596a14144dfe641308,1655.07,65.27,6.596216341,56000,55000
7077b3b1b20a4cdd33fecf596a14144dfe641308,1626.86,64.18,6.482266834,55000,54000
7077b3b1b20a4cdd33fecf596a14144dfe641308,1668.17,66.28,6.634037984,55000,56000
7077b3b1b20a4cdd33fecf596a14144dfe641308,1649.76,65.18,6.558346133,54000,56000
7077b3b1b20a4cdd33fecf596a14144dfe641308,1671.23,66.21,6.650858792,54000,55000
7077b3b1b20a4cdd33fecf596a14144dfe641308,1676.93,66.42,6.682921861,54000,54000
7077b3b1b20a4cdd33fecf596a14144dfe641308,1652.71,65.50,6.577732374,55000,55000
7077b3b1b20a4cdd33fecf596a14144dfe641308,1641.99,64.91,6.544059551,55000,56000
7077b3b1b20a4cdd33fecf596a14144dfe641308,1623.62,63.99,6.474347579,56000,56000
7077b3b1b20a4cdd33fecf596a14144dfe641308,1662.74,66.01,6.625282295,55000,55000
7077b3b1b20a4cdd33fecf596a14144dfe641308,1666.37,65.93,6.643592447,55000,56000
7077b3b1b20a4cdd33fecf596a14144dfe641308,1645.93,65.24,6.548709182,54000,54000
7077b3b1b20a4cdd33fecf596a14144dfe641308,1647.24,65.15,6.569400493,55000,54000
7077b3b1b20a4cdd33fecf596a14144dfe641308,1656.04,65.54,6.605672761,54000,55000
7077b3b1b20a4cdd33fecf596a14144dfe641308,1664.18,65.93,6.637476966,54000,54000
7077b3b1b20a4cdd33fecf596a14144dfe641308,1647.67,65.01,6.563533986,54000,55000
7077b3b1b20a4cdd33fecf596a14144dfe641308,1664.58,65.79,6.649563192,54000,54000
7077b3b1b20a4cdd33fecf596a14144dfe641308,1664.14,66.12,6.627698794,54000,55000
7077b3b1b20a4cdd33fecf596a14144dfe641308,1673.91,66.19,6.671256228,55000,54000
7077b3b1b20a4cdd33fecf596a14144dfe641308,1655.37,65.36,6.598171697,54000,55000
7077b3b1b20a4cdd33fecf596a14144dfe641308,1644.71,64.92,6.558987833,54000,55000
7077b3b1b20a4cdd33fecf596a14144dfe641308,1670.66,65.86,6.673836774,54000,54000
7077b3b1b20a4cdd33fecf596a14144dfe641308,1663.05,65.68,6.633404528,54000,54000
7077b3b1b20a4cdd33fecf596a14144dfe641308,1643.40,64.77,6.560870609,55000,54000
7077b3b1b20a4cdd33fecf596a14144dfe641308,1655.47,65.51,6.596851021,55000,55000
ad5211c15cb360584debb757cdb1bf52092f08ec,1664.42,66.01,6.660269399,55000,56000
ad5211c15cb360584debb757cdb1bf52092f08ec,1667.20,66.10,6.644430376,55000,55000
ad5211c15cb360584debb757cdb1bf52092f08ec,1669.61,66.37,6.640472716,55000,55000
ad5211c15cb360584debb757cdb1bf52092f08ec,1660.96,65.82,6.611384273,55000,55000
ad5211c15cb360584debb757cdb1bf52092f08ec,1680.17,66.56,6.707150809,54000,54000
ad5211c15cb360584debb757cdb1bf52092f08ec,1662.59,65.96,6.615066432,55000,55000
ad5211c15cb360584debb757cdb1bf52092f08ec,1671.50,66.46,6.644312112,55000,54000
ad5211c15cb360584debb757cdb1bf52092f08ec,1669.59,66.23,6.643547568,55000,55000
ad5211c15cb360584debb757cdb1bf52092f08ec,1664.76,65.67,6.617929690,55000,54000
ad5211c15cb360584debb757cdb1bf52092f08ec,1661.07,65.90,6.615121272,55000,55000
ad5211c15cb360584debb757cdb1bf52092f08ec,1676.52,66.28,6.672743388,55000,55000
ad5211c15cb360584debb757cdb1bf52092f08ec,1662.21,65.81,6.611153041,55000,55000
ad5211c15cb360584debb757cdb1bf52092f08ec,1650.43,65.39,6.575460197,55000,54000
ad5211c15cb360584debb757cdb1bf52092f08ec,1660.97,65.76,6.614122821,56000,55000
ad5211c15cb360584debb757cdb1bf52092f08ec,1678.69,66.77,6.694040652,54000,54000
ad5211c15cb360584debb757cdb1bf52092f08ec,1649.38,65.22,6.563576333,54000,54000
ad5211c15cb360584debb757cdb1bf52092f08ec,1680.68,66.88,6.677033658,55000,55000
ad5211c15cb360584debb757cdb1bf52092f08ec,1658.56,65.61,6.604117852,54000,55000
ad5211c15cb360584debb757cdb1bf52092f08ec,1661.96,65.68,6.599047989,54000,55000
ad5211c15cb360584debb757cdb1bf52092f08ec,1646.24,65.00,6.552568289,54000,54000
ad5211c15cb360584debb757cdb1bf52092f08ec,1662.20,65.95,6.612215290,55000,55000
ad5211c15cb360584debb757cdb1bf52092f08ec,1670.74,66.42,6.645987779,54000,55000
ad5211c15cb360584debb757cdb1bf52092f08ec,1657.44,65.19,6.611431686,55000,54000
ad5211c15cb360584debb757cdb1bf52092f08ec,1658.39,65.64,6.578177138,55000,55000
ad5211c15cb360584debb757cdb1bf52092f08ec,1686.67,67.12,6.713337215,54000,54000
ad5211c15cb360584debb757cdb1bf52092f08ec,1665.00,65.89,6.629895256,55000,54000
ad5211c15cb360584debb757cdb1bf52092f08ec,1641.96,64.97,6.535481188,54000,55000
ad5211c15cb360584debb757cdb1bf52092f08ec,1641.34,64.70,6.541384267,55000,54000
ad5211c15cb360584debb757cdb1bf52092f08ec,1661.18,65.64,6.608093438,55000,55000
ad5211c15cb360584debb757cdb1bf52092f08ec,1632.87,64.42,6.498421377,55000,54000
68d5b7e06cd4a7c14f99647af2573244ee7529f7,1681.19,67.26,6.741404876,55000,55000
68d5b7e06cd4a7c14f99647af2573244ee7529f7,1646.26,65.09,6.584103541,54000,55000
68d5b7e06cd4a7c14f99647af2573244ee7529f7,1665.78,65.87,6.646602743,56000,54000
68d5b7e06cd4a7c14f99647af2573244ee7529f7,1688.03,66.81,6.714382408,55000,54000
68d5b7e06cd4a7c14f99647af2573244ee7529f7,1668.28,65.86,6.641965676,55000,54000
68d5b7e06cd4a7c14f99647af2573244ee7529f7,1653.78,65.38,6.586458327,54000,55000
68d5b7e06cd4a7c14f99647af2573244ee7529f7,1668.81,65.92,6.643097894,54000,54000
68d5b7e06cd4a7c14f99647af2573244ee7529f7,1685.30,66.70,6.706012390,55000,56000
68d5b7e06cd4a7c14f99647af2573244ee7529f7,1684.72,66.53,6.697335518,55000,55000
68d5b7e06cd4a7c14f99647af2573244ee7529f7,1662.45,65.56,6.616325019,55000,54000
68d5b7e06cd4a7c14f99647af2573244ee7529f7,1693.44,67.32,6.727014005,55000,54000
68d5b7e06cd4a7c14f99647af2573244ee7529f7,1655.53,65.16,6.596425252,55000,55000
68d5b7e06cd4a7c14f99647af2573244ee7529f7,1662.08,65.82,6.627564580,54000,55000
68d5b7e06cd4a7c14f99647af2573244ee7529f7,1653.47,65.32,6.582015218,55000,55000
68d5b7e06cd4a7c14f99647af2573244ee7529f7,1672.84,66.30,6.658597190,55000,54000
68d5b7e06cd4a7c14f99647af2573244ee7529f7,1643.95,65.03,6.546617954,54000,54000
68d5b7e06cd4a7c14f99647af2573244ee7529f7,1678.30,66.56,6.677961035,55000,54000
68d5b7e06cd4a7c14f99647af2573244ee7529f7,1677.47,66.23,6.677682394,55000,55000
68d5b7e06cd4a7c14f99647af2573244ee7529f7,1681.76,66.48,6.679718748,54000,55000
68d5b7e06cd4a7c14f99647af2573244ee7529f7,1657.45,65.30,6.596983160,54000,55000
68d5b7e06cd4a7c14f99647af2573244ee7529f7,1648.93,65.03,6.576001020,54000,54000
68d5b7e06cd4a7c14f99647af2573244ee7529f7,1671.41,66.05,6.643666857,54000,54000
68d5b7e06cd4a7c14f99647af2573244ee7529f7,1662.59,65.47,6.625694101,55000,54000
68d5b7e06cd4a7c14f99647af2573244ee7529f7,1698.53,67.34,6.771648278,55000,54000
68d5b7e06cd4a7c14f99647af2573244ee7529f7,1657.06,65.38,6.600606795,55000,56000
68d5b7e06cd4a7c14f99647af2573244ee7529f7,1665.76,66.11,6.631834318,55000,54000
68d5b7e06cd4a7c14f99647af2573244ee7529f7,1654.75,65.58,6.584137192,55000,54000
68d5b7e06cd4a7c14f99647af2573244ee7529f7,1691.63,66.67,6.745763052,55000,55000
68d5b7e06cd4a7c14f99647af2573244ee7529f7,1673.06,65.97,6.662725059,54000,55000
68d5b7e06cd4a7c14f99647af2573244ee7529f7,1675.39,66.14,6.668369777,55000,54000
081f554cf199ea5d25c8675872e490671347ade3,1644.26,65.82,6.609109906,56000,56000
081f554cf199ea5d25c8675872e490671347ade3,1673.97,66.37,6.696266555,55000,55000
081f554cf199ea5d25c8675872e490671347ade3,1653.07,65.59,6.594899524,55000,55000
081f554cf199ea5d25c8675872e490671347ade3,1668.50,66.04,6.640539685,55000,55000
081f554cf199ea5d25c8675872e490671347ade3,1683.23,66.79,6.700711661,55000,55000
081f554cf199ea5d25c8675872e490671347ade3,1682.90,67.06,6.684214089,55000,54000
081f554cf199ea5d25c8675872e490671347ade3,1669.47,66.29,6.634084079,56000,55000
081f554cf199ea5d25c8675872e490671347ade3,1674.11,66.30,6.661531702,55000,54000
081f554cf199ea5d25c8675872e490671347ade3,1675.22,66.07,6.669351665,55000,56000
081f554cf199ea5d25c8675872e490671347ade3,1661.54,65.56,6.632453658,55000,54000
081f554cf199ea5d25c8675872e490671347ade3,1650.25,65.15,6.566595566,54000,55000
081f554cf199ea5d25c8675872e490671347ade3,1677.21,66.59,6.658638364,55000,55000
081f554cf199ea5d25c8675872e490671347ade3,1664.66,65.48,6.630422317,54000,54000
081f554cf199ea5d25c8675872e490671347ade3,1687.32,66.75,6.707634555,55000,54000
081f554cf199ea5d25c8675872e490671347ade3,1676.31,66.45,6.663544018,55000,55000
081f554cf199ea5d25c8675872e490671347ade3,1700.47,67.34,6.778921391,54000,55000
081f554cf199ea5d25c8675872e490671347ade3,1674.24,66.74,6.649156339,54000,54000
081f554cf199ea5d25c8675872e490671347ade3,1670.95,66.47,6.653574421,54000,55000
081f554cf199ea5d25c8675872e490671347ade3,1667.25,65.89,6.623748461,54000,54000
081f554cf199ea5d25c8675872e490671347ade3,1691.45,66.90,6.734026106,55000,54000
081f554cf199ea5d25c8675872e490671347ade3,1669.71,66.20,6.652972623,55000,54000
081f554cf199ea5d25c8675872e490671347ade3,1680.39,66.39,6.689790762,55000,56000
081f554cf199ea5d25c8675872e490671347ade3,1667.17,66.09,6.634549930,54000,54000
081f554cf199ea5d25c8675872e490671347ade3,1681.22,66.41,6.709257875,54000,54000
081f554cf199ea5d25c8675872e490671347ade3,1688.15,66.89,6.699494263,56000,54000
081f554cf199ea5d25c8675872e490671347ade3,1672.92,66.06,6.668408859,55000,55000
081f554cf199ea5d25c8675872e490671347ade3,1679.41,66.45,6.691656493,54000,54000
081f554cf199ea5d25c8675872e490671347ade3,1684.34,66.42,6.710104567,55000,55000
081f554cf199ea5d25c8675872e490671347ade3,1688.93,66.89,6.727928536,55000,54000
081f554cf199ea5d25c8675872e490671347ade3,1660.96,65.46,6.599882185,55000,54000
f0fcbd790d322f6e8b827977f8b0b627a0a385b7,1710.49,68.44,6.840284415,55000,55000
f0fcbd790d322f6e8b827977f8b0b627a0a385b7,1694.32,67.64,6.744115656,55000,55000
f0fcbd790d322f6e8b827977f8b0b627a0a385b7,1721.19,68.81,6.845080927,55000,55000
f0fcbd790d322f6e8b827977f8b0b627a0a385b7,1714.65,68.34,6.820354470,55000,56000
f0fcbd790d322f6e8b827977f8b0b627a0a385b7,1687.86,67.02,6.699776019,56000,54000
f0fcbd790d322f6e8b827977f8b0b627a0a385b7,1698.98,67.52,6.737499183,55000,56000
f0fcbd790d322f6e8b827977f8b0b627a0a385b7,1687.85,67.03,6.706680676,55000,55000
f0fcbd790d322f6e8b827977f8b0b627a0a385b7,1691.72,67.22,6.721686393,54000,56000
f0fcbd790d322f6e8b827977f8b0b627a0a385b7,1698.00,67.40,6.732264213,55000,55000
f0fcbd790d322f6e8b827977f8b0b627a0a385b7,1730.27,69.22,6.869698826,55000,55000
f0fcbd790d322f6e8b827977f8b0b627a0a385b7,1694.29,67.47,6.720370948,54000,55000
f0fcbd790d322f6e8b827977f8b0b627a0a385b7,1733.06,69.25,6.881559097,55000,54000
f0fcbd790d322f6e8b827977f8b0b627a0a385b7,1687.11,67.19,6.700544360,55000,55000
f0fcbd790d322f6e8b827977f8b0b627a0a385b7,1702.41,67.45,6.761045435,56000,56000
f0fcbd790d322f6e8b827977f8b0b627a0a385b7,1720.09,68.62,6.839582585,55000,55000
f0fcbd790d322f6e8b827977f8b0b627a0a385b7,1711.58,68.21,6.802531174,56000,54000
f0fcbd790d322f6e8b827977f8b0b627a0a385b7,1695.33,67.25,6.744421732,55000,55000
f0fcbd790d322f6e8b827977f8b0b627a0a385b7,1704.25,67.75,6.767387442,54000,54000
f0fcbd790d322f6e8b827977f8b0b627a0a385b7,1698.54,67.23,6.749490349,56000,54000
f0fcbd790d322f6e8b827977f8b0b627a0a385b7,1703.69,67.57,6.797855249,55000,55000
f0fcbd790d322f6e8b827977f8b0b627a0a385b7,1681.21,66.57,6.695109721,54000,55000
f0fcbd790d322f6e8b827977f8b0b627a0a385b7,1684.07,67.17,6.688615661,55000,54000
f0fcbd790d322f6e8b827977f8b0b627a0a385b7,1680.83,66.52,6.694668329,55000,54000
f0fcbd790d322f6e8b827977f8b0b627a0a385b7,1669.30,65.85,6.638859913,54000,56000
f0fcbd790d322f6e8b827977f8b0b627a0a385b7,1693.65,67.49,6.730803399,55000,55000
f0fcbd790d322f6e8b827977f8b0b627a0a385b7,1694.08,67.33,6.731441362,54000,54000
f0fcbd790d322f6e8b827977f8b0b627a0a385b7,1688.21,66.77,6.713692562,54000,55000
f0fcbd790d322f6e8b827977f8b0b627a0a385b7,1697.95,67.47,6.750987672,54000,55000
f0fcbd790d322f6e8b827977f8b0b627a0a385b7,1698.75,66.93,6.758617087,55000,54000
f0fcbd790d322f6e8b827977f8b0b627a0a385b7,1695.21,67.12,6.740875676,55000,54000
27200258b82132218820505a7d63e6a84b5a6f00,1701.06,67.73,6.778267313,55000,56000
27200258b82132218820505a7d63e6a84b5a6f00,1685.80,66.89,6.711359297,55000,55000
27200258b82132218820505a7d63e6a84b5a6f00,1684.58,66.69,6.692377079,54000,55000
27200258b82132218820505a7d63e6a84b5a6f00,1703.27,67.78,6.774332185,55000,54000
27200258b82132218820505a7d63e6a84b5a6f00,1689.51,67.04,6.714526200,54000,55000
27200258b82132218820505a7d63e6a84b5a6f00,1705.90,67.88,6.769646021,55000,56000
27200258b82132218820505a7d63e6a84b5a6f00,1689.82,67.13,6.712942841,54000,55000
27200258b82132218820505a7d63e6a84b5a6f00,1704.11,67.64,6.765351794,55000,55000
27200258b82132218820505a7d63e6a84b5a6f00,1723.44,68.72,6.842536056,54000,54000
27200258b82132218820505a7d63e6a84b5a6f00,1719.23,68.53,6.831305534,56000,56000
27200258b82132218820505a7d63e6a84b5a6f00,1692.18,66.85,6.721526351,56000,56000
27200258b82132218820505a7d63e6a84b5a6f00,1689.21,66.98,6.715307043,55000,55000
27200258b82132218820505a7d63e6a84b5a6f00,1715.56,68.21,6.805370557,56000,55000
27200258b82132218820505a7d63e6a84b5a6f00,1679.63,66.72,6.683611851,56000,55000
27200258b82132218820505a7d63e6a84b5a6f00,1696.50,67.75,6.740273736,54000,55000
27200258b82132218820505a7d63e6a84b5a6f00,1704.25,67.62,6.781467916,54000,55000
27200258b82132218820505a7d63e6a84b5a6f00,1735.68,69.18,6.907426559,55000,55000
27200258b82132218820505a7d63e6a84b5a6f00,1718.69,68.30,6.840850891,55000,55000
27200258b82132218820505a7d63e6a84b5a6f00,1701.51,67.27,6.750690060,54000,56000
27200258b82132218820505a7d63e6a84b5a6f00,1698.78,67.33,6.763878067,56000,54000
27200258b82132218820505a7d63e6a84b5a6f00,1693.61,66.96,6.723619813,55000,54000
27200258b82132218820505a7d63e6a84b5a6f00,1676.78,66.50,6.669132047,55000,56000
27200258b82132218820505a7d63e6a84b5a6f00,1680.67,66.75,6.678167539,55000,54000
27200258b82132218820505a7d63e6a84b5a6f00,1711.15,67.84,6.795668584,55000,54000
27200258b82132218820505a7d63e6a84b5a6f00,1687.84,66.82,6.719764388,54000,55000
27200258b82132218820505a7d63e6a84b5a6f00,1716.20,68.54,6.822135753,54000,54000
27200258b82132218820505a7d63e6a84b5a6f00,1696.39,67.04,6.746498134,54000,55000
27200258b82132218820505a7d63e6a84b5a6f00,1676.81,66.69,6.663821537,55000,55000
27200258b82132218820505a7d63e6a84b5a6f00,1728.20,68.41,6.871501570,54000,55000
27200258b82132218820505a7d63e6a84b5a6f00,1705.25,67.43,6.790963731,55000,55000
93c7167419efe66c9dd0e2054055d668c895ac4f,1681.47,66.57,6.697058122,54000,54000
93c7167419efe66c9dd0e2054055d668c895ac4f,1697.10,67.15,6.761733819,55000,55000
93c7167419efe66c9dd0e2054055d668c895ac4f,1660.13,65.61,6.620045888,56000,54000
93c7167419efe66c9dd0e2054055d668c895ac4f,1697.53,67.39,6.767550978,55000,55000
93c7167419efe66c9dd0e2054055d668c895ac4f,1689.73,66.90,6.728710109,54000,55000
93c7167419efe66c9dd0e2054055d668c895ac4f,1698.72,67.25,6.756344018,55000,55000
93c7167419efe66c9dd0e2054055d668c895ac4f,1723.01,68.77,6.868819002,56000,55000
93c7167419efe66c9dd0e2054055d668c895ac4f,1721.31,68.21,6.880178345,55000,55000
93c7167419efe66c9dd0e2054055d668c895ac4f,1698.61,67.35,6.767651547,55000,54000
93c7167419efe66c9dd0e2054055d668c895ac4f,1677.59,66.38,6.696156174,55000,54000
93c7167419efe66c9dd0e2054055d668c895ac4f,1694.49,67.59,6.746228805,55000,54000
93c7167419efe66c9dd0e2054055d668c895ac4f,1702.60,67.41,6.783613128,54000,54000
93c7167419efe66c9dd0e2054055d668c895ac4f,1698.60,67.52,6.756982353,54000,55000
93c7167419efe66c9dd0e2054055d668c895ac4f,1675.44,66.15,6.678047754,54000,54000
93c7167419efe66c9dd0e2054055d668c895ac4f,1683.17,66.94,6.697711135,54000,55000
93c7167419efe66c9dd0e2054055d668c895ac4f,1682.82,66.59,6.705367210,54000,55000
93c7167419efe66c9dd0e2054055d668c895ac4f,1707.35,67.31,6.807412396,55000,54000
93c7167419efe66c9dd0e2054055d668c895ac4f,1695.39,67.26,6.758216765,55000,54000
93c7167419efe66c9dd0e2054055d668c895ac4f,1684.35,66.71,6.705945766,55000,54000
93c7167419efe66c9dd0e2054055d668c895ac4f,1690.38,67.08,6.730204273,54000,55000
93c7167419efe66c9dd0e2054055d668c895ac4f,1678.16,66.74,6.672647326,54000,54000
93c7167419efe66c9dd0e2054055d668c895ac4f,1686.32,66.92,6.719616208,54000,54000
93c7167419efe66c9dd0e2054055d668c895ac4f,1673.10,66.39,6.661791854,54000,54000
93c7167419efe66c9dd0e2054055d668c895ac4f,1710.57,68.09,6.812500938,54000,55000
93c7167419efe66c9dd0e2054055d668c895ac4f,1708.82,67.83,6.815296754,54000,55000
93c7167419efe66c9dd0e2054055d668c895ac4f,1670.46,66.11,6.654191014,54000,54000
93c7167419efe66c9dd0e2054055d668c895ac4f,1685.43,66.99,6.701348490,54000,55000
93c7167419efe66c9dd0e2054055d668c895ac4f,1698.07,67.37,6.761952166,54000,54000
93c7167419efe66c9dd0e2054055d668c895ac4f,1720.66,68.39,6.841781801,54000,54000
93c7167419efe66c9dd0e2054055d668c895ac4f,1688.76,66.89,6.714995595,54000,54000
c4ba528694a07b6b0133fb199bc293364c47b9d8,1694.65,67.57,6.739612503,55000,54000
c4ba528694a07b6b0133fb199bc293364c47b9d8,1699.61,67.74,6.761225780,54000,54000
c4ba528694a07b6b0133fb199bc293364c47b9d8,1695.15,67.58,6.744738268,54000,54000
c4ba528694a07b6b0133fb199bc293364c47b9d8,1708.30,67.95,6.796405316,56000,54000
c4ba528694a07b6b0133fb199bc293364c47b9d8,1721.26,68.43,6.856162439,54000,54000
c4ba528694a07b6b0133fb199bc293364c47b9d8,1690.35,67.04,6.731948262,54000,54000
c4ba528694a07b6b0133fb199bc293364c47b9d8,1684.60,66.96,6.705910839,54000,54000
c4ba528694a07b6b0133fb199bc293364c47b9d8,1725.41,68.83,6.859958225,54000,55000
c4ba528694a07b6b0133fb199bc293364c47b9d8,1717.90,68.39,6.828381892,54000,54000
c4ba528694a07b6b0133fb199bc293364c47b9d8,1699.72,67.59,6.750993874,55000,54000
c4ba528694a07b6b0133fb199bc293364c47b9d8,1713.69,68.10,6.823011174,54000,55000
c4ba528694a07b6b0133fb199bc293364c47b9d8,1678.83,66.41,6.683521214,54000,54000
c4ba528694a07b6b0133fb199bc293364c47b9d8,1678.73,67.15,6.684045543,54000,54000
c4ba528694a07b6b0133fb199bc293364c47b9d8,1716.55,68.35,6.834973500,54000,54000
c4ba528694a07b6b0133fb199bc293364c47b9d8,1706.43,68.28,6.780591323,54000,54000
c4ba528694a07b6b0133fb199bc293364c47b9d8,1716.89,68.28,6.820659178,54000,54000
c4ba528694a07b6b0133fb199bc293364c47b9d8,1702.89,67.79,6.775171099,54000,55000
c4ba528694a07b6b0133fb199bc293364c47b9d8,1710.09,68.24,6.799286228,54000,54000
c4ba528694a07b6b0133fb199bc293364c47b9d8,1702.19,68.06,6.773717489,54000,54000
c4ba528694a07b6b0133fb199bc293364c47b9d8,1720.53,68.25,6.851202370,54000,54000
c4ba528694a07b6b0133fb199bc293364c47b9d8,1674.34,66.42,6.667512235,54000,55000
c4ba528694a07b6b0133fb199bc293364c47b9d8,1722.43,68.91,6.843660198,55000,54000
c4ba528694a07b6b0133fb199bc293364c47b9d8,1695.08,67.45,6.754322830,54000,54000
c4ba528694a07b6b0133fb199bc293364c47b9d8,1716.85,68.44,6.842064066,54000,54000
c4ba528694a07b6b0133fb199bc293364c47b9d8,1709.95,68.28,6.797220632,54000,54000
c4ba528694a07b6b0133fb199bc293364c47b9d8,1696.34,67.36,6.747758714,54000,54000
c4ba528694a07b6b0133fb199bc293364c47b9d8,1692.32,67.27,6.744778193,54000,54000
c4ba528694a07b6b0133fb199bc293364c47b9d8,1694.11,67.64,6.726232708,54000,54000
c4ba528694a07b6b0133fb199bc293364c47b9d8,1711.67,68.26,6.808372291,54000,54000
c4ba528694a07b6b0133fb199bc293364c47b9d8,1696.66,67.51,6.754880992,55000,54000
e3610fea48d2f03efa070c18819f441a633d65a9,1624.53,64.43,6.470854386,55000,54000
e3610fea48d2f03efa070c18819f441a633d65a9,1641.45,65.32,6.534573279,55000,55000
e3610fea48d2f03efa070c18819f441a633d65a9,1644.66,65.15,6.552296649,54000,54000
e3610fea48d2f03efa070c18819f441a633d65a9,1608.88,63.85,6.399576355,54000,55000
e3610fea48d2f03efa070c18819f441a633d65a9,1626.58,64.50,6.483456508,54000,55000
e3610fea48d2f03efa070c18819f441a633d65a9,1630.85,64.61,6.505075416,55000,54000
e3610fea48d2f03efa070c18819f441a633d65a9,1617.47,64.04,6.458581275,54000,55000
e3610fea48d2f03efa070c18819f441a633d65a9,1615.18,63.97,6.437068363,54000,54000
e3610fea48d2f03efa070c18819f441a633d65a9,1624.30,64.24,6.474105420,55000,54000
e3610fea48d2f03efa070c18819f441a633d65a9,1610.37,63.83,6.421937374,55000,55000
e3610fea48d2f03efa070c18819f441a633d65a9,1626.32,64.38,6.491247519,55000,55000
e3610fea48d2f03efa070c18819f441a633d65a9,1641.40,65.43,6.535954186,54000,54000
e3610fea48d2f03efa070c18819f441a633d65a9,1609.88,63.83,6.418648660,54000,54000
e3610fea48d2f03efa070c18819f441a633d65a9,1605.00,63.67,6.394259946,54000,54000
e3610fea48d2f03efa070c18819f441a633d65a9,1641.39,65.17,6.544070001,55000,55000
e3610fea48d2f03efa070c18819f441a633d65a9,1625.41,64.68,6.485689697,55000,54000
e3610fea48d2f03efa070c18819f441a633d65a9,1604.70,63.74,6.407803121,54000,54000
e3610fea48d2f03efa070c18819f441a633d65a9,1611.16,64.21,6.417091177,55000,54000
e3610fea48d2f03efa070c18819f441a633d65a9,1622.28,64.27,6.462861321,54000,55000
e3610fea48d2f03efa070c18819f441a633d65a9,1627.01,64.59,6.488099002,54000,54000
e3610fea48d2f03efa070c18819f441a633d65a9,1623.05,64.41,6.460251746,54000,55000
e3610fea48d2f03efa070c18819f441a633d65a9,1628.72,64.64,6.490486374,54000,54000
e3610fea48d2f03efa070c18819f441a633d65a9,1632.28,64.79,6.505619055,54000,54000
e3610fea48d2f03efa070c18819f441a633d65a9,1608.60,63.69,6.416689423,54000,55000
e3610fea48d2f03efa070c18819f441a633d65a9,1610.12,63.85,6.420179175,54000,54000
e3610fea48d2f03efa070c18819f441a633d65a9,1628.88,64.71,6.501018082,55000,54000
e3610fea48d2f03efa070c18819f441a633d65a9,1611.26,63.75,6.438277360,55000,54000
e3610fea48d2f03efa070c18819f441a633d65a9,1627.93,64.51,6.489798831,54000,54000
e3610fea48d2f03efa070c18819f441a633d65a9,1635.47,65.10,6.514538888,54000,54000
e3610fea48d2f03efa070c18819f441a633d65a9,1645.44,65.64,6.568147926,55000,54000
2d34c1e348bb25dac1da0a3e5e9cf278cba55ffb,1625.83,64.16,6.486335492,55000,55000
2d34c1e348bb25dac1da0a3e5e9cf278cba55ffb,1612.58,64.02,6.417104732,55000,55000
2d34c1e348bb25dac1da0a3e5e9cf278cba55ffb,1591.05,62.97,6.352465070,55000,56000
2d34c1e348bb25dac1da0a3e5e9cf278cba55ffb,1613.73,63.96,6.449194905,54000,55000
2d34c1e348bb25dac1da0a3e5e9cf278cba55ffb,1611.46,63.71,6.425086694,55000,54000
2d34c1e348bb25dac1da0a3e5e9cf278cba55ffb,1625.60,64.74,6.474771543,56000,56000
2d34c1e348bb25dac1da0a3e5e9cf278cba55ffb,1632.05,64.72,6.486401796,56000,55000
2d34c1e348bb25dac1da0a3e5e9cf278cba55ffb,1648.35,65.47,6.563239922,56000,56000
2d34c1e348bb25dac1da0a3e5e9cf278cba55ffb,1620.97,63.93,6.454375963,55000,56000
2d34c1e348bb25dac1da0a3e5e9cf278cba55ffb,1639.82,64.83,6.538105673,54000,55000
2d34c1e348bb25dac1da0a3e5e9cf278cba55ffb,1618.89,63.84,6.447492744,56000,55000
2d34c1e348bb25dac1da0a3e5e9cf278cba55ffb,1616.30,64.15,6.434333691,55000,55000
2d34c1e348bb25dac1da0a3e5e9cf278cba55ffb,1637.48,65.40,6.519586322,56000,55000
2d34c1e348bb25dac1da0a3e5e9cf278cba55ffb,1607.35,63.57,6.417400212,56000,55000
2d34c1e348bb25dac1da0a3e5e9cf278cba55ffb,1635.47,64.94,6.509883659,55000,55000
2d34c1e348bb25dac1da0a3e5e9cf278cba55ffb,1610.54,63.48,6.428426522,55000,55000
2d34c1e348bb25dac1da0a3e5e9cf278cba55ffb,1625.45,64.52,6.491863216,55000,55000
2d34c1e348bb25dac1da0a3e5e9cf278cba55ffb,1608.53,63.65,6.412839716,54000,55000
2d34c1e348bb25dac1da0a3e5e9cf278cba55ffb,1636.87,65.05,6.520021567,54000,55000
2d34c1e348bb25dac1da0a3e5e9cf278cba55ffb,1622.36,64.52,6.468927438,55000,55000
2d34c1e348bb25dac1da0a3e5e9cf278cba55ffb,1621.46,64.10,6.463977162,55000,54000
2d34c1e348bb25dac1da0a3e5e9cf278cba55ffb,1601.43,63.28,6.380692438,54000,55000
2d34c1e348bb25dac1da0a3e5e9cf278cba55ffb,1615.16,63.95,6.435925111,55000,55000
2d34c1e348bb25dac1da0a3e5e9cf278cba55ffb,1625.01,64.43,6.470154137,54000,56000
2d34c1e348bb25dac1da0a3e5e9cf278cba55ffb,1627.02,64.03,6.493703084,55000,55000
2d34c1e348bb25dac1da0a3e5e9cf278cba55ffb,1625.82,64.38,6.464702299,55000,54000
2d34c1e348bb25dac1da0a3e5e9cf278cba55ffb,1628.13,64.46,6.488884040,56000,55000
2d34c1e348bb25dac1da0a3e5e9cf278cba55ffb,1620.53,64.24,6.462857986,55000,54000
2d34c1e348bb25dac1da0a3e5e9cf278cba55ffb,1632.66,64.78,6.515259230,55000,55000
2d34c1e348bb25dac1da0a3e5e9cf278cba55ffb,1617.10,63.88,6.461712939,54000,55000
bf2e1402ce85e0b5ae6e31366177786b257a4fc1,1600.96,63.63,6.415977515,55000,56000
bf2e1402ce85e0b5ae6e31366177786b257a4fc1,1644.50,65.34,6.555982139,56000,55000
bf2e1402ce85e0b5ae6e31366177786b257a4fc1,1614.31,64.02,6.435746786,55000,55000
bf2e1402ce85e0b5ae6e31366177786b257a4fc1,1608.01,63.91,6.405684145,55000,55000
bf2e1402ce85e0b5ae6e31366177786b257a4fc1,1630.97,64.50,6.490578526,55000,55000
bf2e1402ce85e0b5ae6e31366177786b257a4fc1,1630.98,64.51,6.486570355,54000,55000
bf2e1402ce85e0b5ae6e31366177786b257a4fc1,1661.95,66.53,6.606098579,54000,54000
bf2e1402ce85e0b5ae6e31366177786b257a4fc1,1655.01,66.06,6.575052003,54000,55000
bf2e1402ce85e0b5ae6e31366177786b257a4fc1,1627.34,64.41,6.475665555,55000,54000
bf2e1402ce85e0b5ae6e31366177786b257a4fc1,1634.40,64.88,6.499600887,55000,54000
bf2e1402ce85e0b5ae6e31366177786b257a4fc1,1663.89,65.57,6.637415748,54000,54000
bf2e1402ce85e0b5ae6e31366177786b257a4fc1,1635.24,64.97,6.504287302,55000,55000
bf2e1402ce85e0b5ae6e31366177786b257a4fc1,1628.84,64.87,6.478577426,55000,55000
bf2e1402ce85e0b5ae6e31366177786b257a4fc1,1636.39,64.65,6.511689477,56000,54000
bf2e1402ce85e0b5ae6e31366177786b257a4fc1,1613.48,64.12,6.437220771,54000,54000
bf2e1402ce85e0b5ae6e31366177786b257a4fc1,1651.97,65.41,6.585033755,54000,55000
bf2e1402ce85e0b5ae6e31366177786b257a4fc1,1629.57,64.48,6.481781060,54000,54000
bf2e1402ce85e0b5ae6e31366177786b257a4fc1,1625.45,64.37,6.475471388,54000,54000
bf2e1402ce85e0b5ae6e31366177786b257a4fc1,1628.86,64.14,6.481464530,54000,54000
bf2e1402ce85e0b5ae6e31366177786b257a4fc1,1635.19,64.74,6.504289707,54000,54000
bf2e1402ce85e0b5ae6e31366177786b257a4fc1,1619.58,64.17,6.444106290,54000,54000
bf2e1402ce85e0b5ae6e31366177786b257a4fc1,1642.71,65.32,6.535597513,54000,55000
bf2e1402ce85e0b5ae6e31366177786b257a4fc1,1622.86,64.10,6.466853963,55000,55000
bf2e1402ce85e0b5ae6e31366177786b257a4fc1,1637.27,65.10,6.520358292,55000,55000
bf2e1402ce85e0b5ae6e31366177786b257a4fc1,1641.19,65.13,6.519214869,54000,56000
bf2e1402ce85e0b5ae6e31366177786b257a4fc1,1649.95,65.44,6.572662348,55000,54000
bf2e1402ce85e0b5ae6e31366177786b257a4fc1,1618.38,63.96,6.433585828,55000,54000
bf2e1402ce85e0b5ae6e31366177786b257a4fc1,1630.83,64.48,6.491069399,56000,56000
bf2e1402ce85e0b5ae6e31366177786b257a4fc1,1630.02,64.14,6.501796817,55000,55000
bf2e1402ce85e0b5ae6e31366177786b257a4fc1,1640.49,65.21,6.522992458,54000,55000
361b3abed78b25096fcf16eacb57d1c4d00f284d,1613.09,64.23,6.455787567,56000,56000
361b3abed78b25096fcf16eacb57d1c4d00f284d,1643.21,65.49,6.551027612,56000,56000
361b3abed78b25096fcf16eacb57d1c4d00f284d,1627.96,64.65,6.479094066,55000,55000
361b3abed78b25096fcf16eacb57d1c4d00f284d,1668.08,66.43,6.635410842,54000,55000
361b3abed78b25096fcf16eacb57d1c4d00f284d,1641.19,65.49,6.531505477,56000,54000
361b3abed78b25096fcf16eacb57d1c4d00f284d,1642.31,64.98,6.530282421,54000,54000
361b3abed78b25096fcf16eacb57d1c4d00f284d,1622.10,64.33,6.456232522,54000,54000
361b3abed78b25096fcf16eacb57d1c4d00f284d,1644.05,65.22,6.531903903,55000,54000
361b3abed78b25096fcf16eacb57d1c4d00f284d,1626.79,64.26,6.477836982,56000,54000
361b3abed78b25096fcf16eacb57d1c4d00f284d,1647.42,65.21,6.554758840,55000,55000
361b3abed78b25096fcf16eacb57d1c4d00f284d,1635.72,64.96,6.503152285,55000,54000
361b3abed78b25096fcf16eacb57d1c4d00f284d,1639.10,64.81,6.528220242,55000,55000
361b3abed78b25096fcf16eacb57d1c4d00f284d,1633.69,64.78,6.507889462,55000,55000
361b3abed78b25096fcf16eacb57d1c4d00f284d,1627.00,64.43,6.474931107,55000,56000
361b3abed78b25096fcf16eacb57d1c4d00f284d,1643.60,65.29,6.547379269,54000,54000
361b3abed78b25096fcf16eacb57d1c4d00f284d,1621.34,64.30,6.454246173,55000,55000
361b3abed78b25096fcf16eacb57d1c4d00f284d,1627.20,64.71,6.477389104,54000,54000
361b3abed78b25096fcf16eacb57d1c4d00f284d,1645.16,65.18,6.545091768,54000,54000
361b3abed78b25096fcf16eacb57d1c4d00f284d,1645.11,64.99,6.540913586,55000,54000
361b3abed78b25096fcf16eacb57d1c4d00f284d,1627.53,64.21,6.485269088,54000,55000
361b3abed78b25096fcf16eacb57d1c4d00f284d,1620.85,64.24,6.449559877,55000,55000
361b3abed78b25096fcf16eacb57d1c4d00f284d,1629.42,64.41,6.490089586,55000,55000
361b3abed78b25096fcf16eacb57d1c4d00f284d,1639.06,64.98,6.535551695,56000,54000
361b3abed78b25096fcf16eacb57d1c4d00f284d,1612.26,63.66,6.423109003,54000,55000
361b3abed78b25096fcf16eacb57d1c4d00f284d,1615.48,63.72,6.429624451,55000,55000
361b3abed78b25096fcf16eacb57d1c4d00f284d,1659.08,65.88,6.604711110,55000,55000
361b3abed78b25096fcf16eacb57d1c4d00f284d,1634.85,64.69,6.498430829,55000,56000
361b3abed78b25096fcf16eacb57d1c4d00f284d,1638.39,64.67,6.527340055,54000,55000
361b3abed78b25096fcf16eacb57d1c4d00f284d,1632.05,64.58,6.492770172,56000,55000
361b3abed78b25096fcf16eacb57d1c4d00f284d,1629.40,64.66,6.479269992,55000,55000
b220def232cb1ad8bfece2836d947d9b544e99a4,1647.09,65.60,6.581017347,56000,55000
b220def232cb1ad8bfece2836d947d9b544e99a4,1632.98,64.44,6.518825167,55000,55000
b220def232cb1ad8bfece2836d947d9b544e99a4,1657.64,65.92,6.591228937,55000,56000
b220def232cb1ad8bfece2836d947d9b544e99a4,1623.54,64.17,6.468816149,56000,54000
b220def232cb1ad8bfece2836d947d9b544e99a4,1644.53,64.94,6.552965379,55000,54000
b220def232cb1ad8bfece2836d947d9b544e99a4,1638.24,64.61,6.523839908,55000,55000
b220def232cb1ad8bfece2836d947d9b544e99a4,1665.78,66.08,6.631228063,54000,54000
b220def232cb1ad8bfece2836d947d9b544e99a4,1647.77,65.09,6.564206701,56000,54000
b220def232cb1ad8bfece2836d947d9b544e99a4,1627.60,64.23,6.483584562,56000,54000
b220def232cb1ad8bfece2836d947d9b544e99a4,1612.65,63.94,6.429416708,56000,55000
b220def232cb1ad8bfece2836d947d9b544e99a4,1638.61,64.38,6.530466152,56000,55000
b220def232cb1ad8bfece2836d947d9b544e99a4,1626.72,64.30,6.478380367,54000,55000
b220def232cb1ad8bfece2836d947d9b544e99a4,1628.09,64.60,6.484042888,55000,55000
b220def232cb1ad8bfece2836d947d9b544e99a4,1611.68,63.70,6.424851806,55000,56000
b220def232cb1ad8bfece2836d947d9b544e99a4,1637.85,64.90,6.541009887,54000,55000
b220def232cb1ad8bfece2836d947d9b544e99a4,1639.15,64.89,6.520725477,55000,54000
b220def232cb1ad8bfece2836d947d9b544e99a4,1630.22,64.45,6.512981535,54000,54000
b220def232cb1ad8bfece2836d947d9b544e99a4,1631.18,64.56,6.488478666,54000,55000
b220def232cb1ad8bfece2836d947d9b544e99a4,1659.67,65.83,6.601171028,54000,55000
b220def232cb1ad8bfece2836d947d9b544e99a4,1616.00,63.92,6.440346574,56000,55000
b220def232cb1ad8bfece2836d947d9b544e99a4,1640.93,64.83,6.541702187,54000,55000
b220def232cb1ad8bfece2836d947d9b544e99a4,1621.34,64.20,6.458895186,54000,54000
b220def232cb1ad8bfece2836d947d9b544e99a4,1618.55,64.29,6.440997662,55000,55000
b220def232cb1ad8bfece2836d947d9b544e99a4,1640.38,65.03,6.525102122,54000,56000
b220def232cb1ad8bfece2836d947d9b544e99a4,1629.93,64.57,6.480039552,54000,55000
b220def232cb1ad8bfece2836d947d9b544e99a4,1647.39,64.99,6.570732581,56000,54000
b220def232cb1ad8bfece2836d947d9b544e99a4,1628.50,64.83,6.473207264,54000,54000
b220def232cb1ad8bfece2836d947d9b544e99a4,1623.01,64.24,6.466624969,55000,55000
b220def232cb1ad8bfece2836d947d9b544e99a4,1627.15,64.08,6.476151090,55000,55000
b220def232cb1ad8bfece2836d947d9b544e99a4,1655.06,65.22,6.603994385,56000,55000
